ano,sigla_uf,tipo_consumo,consumo
2004,AC,Cativo,415795.58999999997
2004,AC,Comercial,91589.87
2004,AC,Industrial,24098.94
2004,AC,Outros,115469.86
2004,AC,Residencial,184636.91
2004,AC,Total,415795.58
2004,AL,Cativo,3390490.0
2004,AL,Comercial,363878.0
2004,AL,Industrial,1841966.0
2004,AL,Outros,539725.0
2004,AL,Residencial,644921.0
2004,AL,Total,3390490.0
2004,AM,Cativo,3525109.54
2004,AM,Comercial,626497.79
2004,AM,Industrial,1323256.36
2004,AM,Outros,608618.33
2004,AM,Residencial,966737.13
2004,AM,Total,3525109.61
2004,AP,Cativo,501434.0
2004,AP,Comercial,103610.0
2004,AP,Industrial,23236.0
2004,AP,Outros,132453.0
2004,AP,Residencial,242135.0
2004,AP,Total,501434.0
2004,BA,Cativo,16058093.92
2004,BA,Comercial,1962971.84
2004,BA,Industrial,9485278.29
2004,BA,Outros,2505586.39
2004,BA,Residencial,3294250.79
2004,BA,Total,17248087.31
2004,CE,Cativo,6328339.9
2004,CE,Comercial,1121834.39
2004,CE,Industrial,1863272.4
2004,CE,Outros,1358296.57
2004,CE,Residencial,1984936.5
2004,CE,Total,6328339.859999999
2004,DF,Cativo,3570035.0
2004,DF,Comercial,1088899.0
2004,DF,Industrial,413123.77
2004,DF,Outros,936904.0
2004,DF,Residencial,1419497.0
2004,DF,Total,3858423.77
2004,ES,Cativo,5582313.45
2004,ES,Comercial,976226.85
2004,ES,Industrial,3948298.25
2004,ES,Outros,944864.18
2004,ES,Residencial,1264696.55
2004,ES,Total,7134085.83
2004,GO,Cativo,7899803.6899999995
2004,GO,Comercial,1143236.0
2004,GO,Industrial,2726024.69
2004,GO,Outros,1833031.0
2004,GO,Residencial,2348460.0
2004,GO,Total,8050751.6899999995
2004,MA,Cativo,5893035.73
2004,MA,Comercial,505754.03
2004,MA,Industrial,6745130.45
2004,MA,Outros,623283.91
2004,MA,Residencial,1045764.13
2004,MA,Total,8919932.52
2004,MG,Cativo,32773471.51
2004,MG,Comercial,3742285.24
2004,MG,Industrial,29875956.47
2004,MG,Outros,4743917.21
2004,MG,Residencial,6946611.48
2004,MG,Total,45308770.4
2004,MS,Cativo,3017348.6598
2004,MS,Comercial,611503.98
2004,MS,Industrial,866091.371
2004,MS,Outros,813628.96
2004,MS,Residencial,971725.13
2004,MS,Total,3262949.441
2004,MT,Cativo,3889288.64
2004,MT,Comercial,828658.04
2004,MT,Industrial,1134875.82
2004,MT,Outros,873590.99
2004,MT,Residencial,1210478.23
2004,MT,Total,4047603.08
2004,PA,Cativo,8637766.24
2004,PA,Comercial,967663.78
2004,PA,Industrial,9147098.64
2004,PA,Outros,942286.35
2004,PA,Residencial,1691380.4
2004,PA,Total,12748429.17
2004,PB,Cativo,2840284.41
2004,PB,Comercial,412888.55
2004,PB,Industrial,1019872.36
2004,PB,Outros,593901.9
2004,PB,Residencial,864562.61
2004,PB,Total,2891225.42
2004,PE,Cativo,7618581.3398
2004,PE,Comercial,1493560.67
2004,PE,Industrial,2226286.19
2004,PE,Outros,1620403.93
2004,PE,Residencial,2598782.68
2004,PE,Total,7939033.47
2004,PI,Cativo,1505696.2
2004,PI,Comercial,286807.0
2004,PI,Industrial,181344.0
2004,PI,Outros,413607.0
2004,PI,Residencial,625331.2
2004,PI,Total,1507089.2
2004,PR,Cativo,17534997.04
2004,PR,Comercial,3111678.51
2004,PR,Industrial,8994027.21
2004,PR,Outros,3168395.15
2004,PR,Residencial,4598804.49
2004,PR,Total,19872905.36
2004,RJ,Cativo,26263291.45
2004,RJ,Comercial,6716232.24
2004,RJ,Industrial,9093214.91
2004,RJ,Outros,4997425.54
2004,RJ,Residencial,9728330.68
2004,RJ,Total,30535203.37
2004,RN,Cativo,3062983.1
2004,RN,Comercial,505971.54
2004,RN,Industrial,1019123.48
2004,RN,Outros,772294.6
2004,RN,Residencial,898156.88
2004,RN,Total,3195546.5
2004,RO,Cativo,1344908.3
2004,RO,Comercial,303572.0
2004,RO,Industrial,220928.0
2004,RO,Outros,314833.0
2004,RO,Residencial,505575.3
2004,RO,Total,1344908.3
2004,RR,Cativo,369887.41000000003
2004,RR,Comercial,71376.62
2004,RR,Industrial,18955.72
2004,RR,Outros,106282.27
2004,RR,Residencial,173272.8
2004,RR,Total,369887.41000000003
2004,RS,Cativo,20084641.96
2004,RS,Comercial,3209274.27
2004,RS,Industrial,9091191.17
2004,RS,Outros,3943736.48
2004,RS,Residencial,5328379.83
2004,RS,Total,21572581.75
2004,SC,Cativo,14009101.83
2004,SC,Comercial,1935721.83
2004,SC,Industrial,6976756.3
2004,SC,Outros,2400455.8
2004,SC,Residencial,3185309.12
2004,SC,Total,14498243.049999999
2004,SE,Cativo,2010690.6
2004,SE,Comercial,299959.27
2004,SE,Industrial,1125699.57
2004,SE,Outros,409417.37
2004,SE,Residencial,531263.33
2004,SE,Total,2366339.54
2004,SP,Cativo,84022875.419
2004,SP,Comercial,17022251.11
2004,SP,Industrial,46824546.82
2004,SP,Outros,11409004.29
2004,SP,Residencial,24893506.22
2004,SP,Total,100149308.44
2004,TO,Cativo,882699.56
2004,TO,Comercial,181985.55
2004,TO,Industrial,111022.2
2004,TO,Outros,267087.12
2004,TO,Residencial,322604.69
2004,TO,Total,882699.56
2005,AC,Cativo,457378.52
2005,AC,Comercial,99487.15
2005,AC,Industrial,25560.69
2005,AC,Outros,129679.15
2005,AC,Residencial,202651.53
2005,AC,Total,457378.52
2005,AL,Cativo,3601198.47
2005,AL,Comercial,436940.56
2005,AL,Industrial,1892728.8199999998
2005,AL,Outros,623391.29
2005,AL,Residencial,686786.8
2005,AL,Total,3639847.47
2005,AM,Cativo,3744631.46
2005,AM,Comercial,676706.75
2005,AM,Industrial,1413683.57
2005,AM,Outros,657422.65
2005,AM,Residencial,996818.67
2005,AM,Total,3744631.64
2005,AP,Cativo,563908.5
2005,AP,Comercial,114002.62
2005,AP,Industrial,32421.28
2005,AP,Outros,151421.75
2005,AP,Residencial,266062.85
2005,AP,Total,563908.5
2005,BA,Cativo,16249155.28
2005,BA,Comercial,2116590.4
2005,BA,Industrial,9639908.94
2005,BA,Outros,2667730.31
2005,BA,Residencial,3505549.61
2005,BA,Total,17929779.259999998
2005,CE,Cativo,6504397.3
2005,CE,Comercial,1205703.15
2005,CE,Industrial,1949812.6
2005,CE,Outros,1490660.03
2005,CE,Residencial,2177511.2
2005,CE,Total,6823686.98
2005,DF,Cativo,3803319.0
2005,DF,Comercial,1174348.0
2005,DF,Industrial,431544.47
2005,DF,Outros,989412.0
2005,DF,Residencial,1507609.0
2005,DF,Total,4102913.47
2005,ES,Cativo,5408586.83
2005,ES,Comercial,1058796.54
2005,ES,Industrial,4179524.23
2005,ES,Outros,968903.02
2005,ES,Residencial,1399032.57
2005,ES,Total,7606256.36
2005,GO,Cativo,7952103.762
2005,GO,Comercial,1212189.67
2005,GO,Industrial,2859429.4
2005,GO,Outros,1906945.2
2005,GO,Residencial,2493585.89
2005,GO,Total,8472150.16
2005,MA,Cativo,3129462.9
2005,MA,Comercial,552358.31
2005,MA,Industrial,6869387.68
2005,MA,Outros,671490.24
2005,MA,Residencial,1127169.92
2005,MA,Total,9220406.15
2005,MG,Cativo,21737146.2
2005,MG,Comercial,3973790.92
2005,MG,Industrial,30106627.97
2005,MG,Outros,4865875.69
2005,MG,Residencial,7046297.3
2005,MG,Total,45992591.88
2005,MS,Cativo,2903138.5899
2005,MS,Comercial,627014.64
2005,MS,Industrial,890115.949
2005,MS,Outros,842282.55
2005,MS,Residencial,987509.52
2005,MS,Total,3346922.659
2005,MT,Cativo,4009490.43
2005,MT,Comercial,906503.62
2005,MT,Industrial,1162068.29
2005,MT,Outros,952167.49
2005,MT,Residencial,1300303.96
2005,MT,Total,4321043.36
2005,PA,Cativo,6123017.5
2005,PA,Comercial,1017280.55
2005,PA,Industrial,9390172.22
2005,PA,Outros,862249.99
2005,PA,Residencial,1778064.1199999999
2005,PA,Total,13047766.88
2005,PB,Cativo,2705644.73
2005,PB,Comercial,442731.93
2005,PB,Industrial,1091125.19
2005,PB,Outros,662931.32
2005,PB,Residencial,904035.01
2005,PB,Total,3100823.45
2005,PE,Cativo,8049582.8298
2005,PE,Comercial,1619646.53
2005,PE,Industrial,2311204.14
2005,PE,Outros,1771692.56
2005,PE,Residencial,2795450.83
2005,PE,Total,8497994.06
2005,PI,Cativo,1595526.0
2005,PI,Comercial,311851.0
2005,PI,Industrial,206179.0
2005,PI,Outros,432993.0
2005,PI,Residencial,662655.0
2005,PI,Total,1613678.0
2005,PR,Cativo,17828324.69
2005,PR,Comercial,3304480.56
2005,PR,Industrial,9097181.93
2005,PR,Outros,3279876.4699999997
2005,PR,Residencial,4794200.09
2005,PR,Total,20475739.05
2005,RJ,Cativo,26898378.5
2005,RJ,Comercial,7240705.1
2005,RJ,Industrial,9378177.76
2005,RJ,Outros,5186462.84
2005,RJ,Residencial,10422326.4
2005,RJ,Total,32227672.1
2005,RN,Cativo,3181805.2
2005,RN,Comercial,588244.3
2005,RN,Industrial,1114919.02
2005,RN,Outros,853455.1
2005,RN,Residencial,978717.74
2005,RN,Total,3535336.16
2005,RO,Cativo,1439326.0
2005,RO,Comercial,328365.0
2005,RO,Industrial,238171.0
2005,RO,Outros,344412.0
2005,RO,Residencial,528378.0
2005,RO,Total,1439326.0
2005,RR,Cativo,379556.89
2005,RR,Comercial,78342.42
2005,RR,Industrial,13052.630000000001
2005,RR,Outros,111580.32
2005,RR,Residencial,176581.52
2005,RR,Total,379556.89
2005,RS,Cativo,20343693.97
2005,RS,Comercial,3385286.87
2005,RS,Industrial,8889817.02
2005,RS,Outros,4457523.01
2005,RS,Residencial,5511318.62
2005,RS,Total,22243945.52
2005,SC,Cativo,13926896.35
2005,SC,Comercial,2100276.42
2005,SC,Industrial,7184961.470000001
2005,SC,Outros,2513231.32
2005,SC,Residencial,3373073.94
2005,SC,Total,15171543.15
2005,SE,Cativo,2053901.5
2005,SE,Comercial,315333.77999999997
2005,SE,Industrial,1233395.49
2005,SE,Outros,439265.72000000003
2005,SE,Residencial,554704.11
2005,SE,Total,2542699.1
2005,SP,Cativo,79541678.95
2005,SP,Comercial,17950491.73
2005,SP,Industrial,47953062.93
2005,SP,Outros,11879650.8
2005,SP,Residencial,26123512.92
2005,SP,Total,103906718.38
2005,TO,Cativo,931944.58
2005,TO,Comercial,197093.63
2005,TO,Industrial,108262.86
2005,TO,Outros,282238.74
2005,TO,Residencial,344349.33
2005,TO,Total,931944.56
2006,AC,Cativo,504766.8
2006,AC,Comercial,109330.65
2006,AC,Industrial,26255.92
2006,AC,Outros,148700.1
2006,AC,Residencial,220480.13
2006,AC,Total,504766.8
2006,AL,Cativo,3285965.8
2006,AL,Comercial,411788.03
2006,AL,Industrial,1865882.1
2006,AL,Outros,629371.94
2006,AL,Residencial,695168.73
2006,AL,Total,3602210.8
2006,AM,Cativo,3924445.43
2006,AM,Comercial,698600.77
2006,AM,Industrial,1533970.55
2006,AM,Outros,692408.69
2006,AM,Residencial,999465.02
2006,AM,Total,3924445.0300000003
2006,AP,Cativo,600871.25
2006,AP,Comercial,119756.15
2006,AP,Industrial,48121.78
2006,AP,Outros,157203.4
2006,AP,Residencial,275789.92
2006,AP,Total,600871.25
2006,BA,Cativo,16480879.95
2006,BA,Comercial,2149596.49
2006,BA,Industrial,9587888.24
2006,BA,Outros,2859610.9899999998
2006,BA,Residencial,3666524.4699999997
2006,BA,Total,18263620.19
2006,CE,Cativo,6304612.4
2006,CE,Comercial,1261447.0
2006,CE,Industrial,1930622.4
2006,CE,Outros,1532214.32
2006,CE,Residencial,2254679.2
2006,CE,Total,6978962.92
2006,DF,Cativo,3989428.0
2006,DF,Comercial,1228499.42
2006,DF,Industrial,458108.43
2006,DF,Outros,1033406.0
2006,DF,Residencial,1589608.0
2006,DF,Total,4309621.85
2006,ES,Cativo,4586501.3
2006,ES,Comercial,1135333.38
2006,ES,Industrial,4358751.42
2006,ES,Outros,1074649.05
2006,ES,Residencial,1453579.05
2006,ES,Total,8022312.9
2006,GO,Cativo,7351641.72
2006,GO,Comercial,1274523.02
2006,GO,Industrial,2869581.5100000002
2006,GO,Outros,1888128.88
2006,GO,Residencial,2583169.88
2006,GO,Total,8615403.29
2006,MA,Cativo,3203574.01
2006,MA,Comercial,588737.78
2006,MA,Industrial,7616247.15
2006,MA,Outros,721883.35
2006,MA,Residencial,1202637.93
2006,MA,Total,10129506.209999999
2006,MG,Cativo,21550474.12
2006,MG,Comercial,4113340.45
2006,MG,Industrial,29367495.439999998
2006,MG,Outros,4967613.83
2006,MG,Residencial,7118521.04
2006,MG,Total,45566970.76
2006,MS,Cativo,2897187.35
2006,MS,Comercial,644214.64
2006,MS,Industrial,880239.169
2006,MS,Outros,850477.73
2006,MS,Residencial,992807.04
2006,MS,Total,3367738.579
2006,MT,Cativo,3985130.77
2006,MT,Comercial,918406.9299999999
2006,MT,Industrial,1178801.74
2006,MT,Outros,965442.17
2006,MT,Residencial,1336394.47
2006,MT,Total,4399045.3100000005
2006,PA,Cativo,6304899.3100000005
2006,PA,Comercial,1046971.65
2006,PA,Industrial,9886671.57
2006,PA,Outros,905671.41
2006,PA,Residencial,1812428.21
2006,PA,Total,13651742.84
2006,PB,Cativo,2786145.0300000003
2006,PB,Comercial,471829.99
2006,PB,Industrial,1146920.19
2006,PB,Outros,698608.17
2006,PB,Residencial,961721.17
2006,PB,Total,3279079.52
2006,PE,Cativo,8081199.6001
2006,PE,Comercial,1689701.56
2006,PE,Industrial,2336169.09
2006,PE,Outros,1847451.74
2006,PE,Residencial,2882486.14
2006,PE,Total,8755808.53
2006,PI,Cativo,1639510.0
2006,PI,Comercial,332004.0
2006,PI,Industrial,212393.0
2006,PI,Outros,445259.0
2006,PI,Residencial,665085.0
2006,PI,Total,1654741.0
2006,PR,Cativo,18065474.34
2006,PR,Comercial,3481620.88
2006,PR,Industrial,9453578.12
2006,PR,Outros,3372599.7199999997
2006,PR,Residencial,4965864.55
2006,PR,Total,21273663.27
2006,RJ,Cativo,26289358.1
2006,RJ,Comercial,7344136.2
2006,RJ,Industrial,9140637.17
2006,RJ,Outros,5400703.32
2006,RJ,Residencial,10508108.54
2006,RJ,Total,32393585.23
2006,RN,Cativo,3215143.1
2006,RN,Comercial,644619.74
2006,RN,Industrial,1174941.47
2006,RN,Outros,850963.36
2006,RN,Residencial,1063131.44
2006,RN,Total,3733656.0100000002
2006,RO,Cativo,1523904.0
2006,RO,Comercial,352441.0
2006,RO,Industrial,231497.0
2006,RO,Outros,372832.0
2006,RO,Residencial,567134.0
2006,RO,Total,1523904.0
2006,RR,Cativo,381930.79000000004
2006,RR,Comercial,81104.5
2006,RR,Industrial,14262.9
2006,RR,Outros,111565.34
2006,RR,Residencial,174998.05
2006,RR,Total,381930.79000000004
2006,RS,Cativo,20189915.21
2006,RS,Comercial,3463011.31
2006,RS,Industrial,9054032.69
2006,RS,Outros,4579459.3
2006,RS,Residencial,5599364.85
2006,RS,Total,22695868.15
2006,SC,Cativo,13363299.4602
2006,SC,Comercial,2230145.81
2006,SC,Industrial,7398105.02
2006,SC,Outros,2614588.26
2006,SC,Residencial,3481476.19
2006,SC,Total,15724315.28
2006,SE,Cativo,1913562.7
2006,SE,Comercial,337673.33
2006,SE,Industrial,1275359.36
2006,SE,Outros,465468.1
2006,SE,Residencial,584305.58
2006,SE,Total,2662806.37
2006,SP,Cativo,79232128.27
2006,SP,Comercial,19036237.54
2006,SP,Industrial,50029504.07
2006,SP,Outros,12310532.03
2006,SP,Residencial,27772159.880000003
2006,SP,Total,109148433.52
2006,TO,Cativo,964305.15
2006,TO,Comercial,203667.06
2006,TO,Industrial,104363.33
2006,TO,Outros,299537.49
2006,TO,Residencial,356737.28
2006,TO,Total,964305.16
2007,AC,Cativo,541318.0
2007,AC,Comercial,115367.0
2007,AC,Industrial,30371.0
2007,AC,Outros,164474.0
2007,AC,Residencial,231106.0
2007,AC,Total,541318.0
2007,AL,Cativo,3555545.0
2007,AL,Comercial,442045.0
2007,AL,Industrial,1927325.0
2007,AL,Outros,636032.0
2007,AL,Residencial,741396.0
2007,AL,Total,3746798.0
2007,AM,Cativo,4135656.0
2007,AM,Comercial,738819.0
2007,AM,Industrial,1584036.0
2007,AM,Outros,741798.0
2007,AM,Residencial,1071003.0
2007,AM,Total,4135656.0
2007,AP,Cativo,625922.0
2007,AP,Comercial,129902.0
2007,AP,Industrial,50938.0
2007,AP,Outros,161103.0
2007,AP,Residencial,283979.0
2007,AP,Total,625922.0
2007,BA,Cativo,17466367.0
2007,BA,Comercial,2313271.0
2007,BA,Industrial,10256728.0
2007,BA,Outros,2953116.0
2007,BA,Residencial,3852682.0
2007,BA,Total,19375797.0
2007,CE,Cativo,6519210.0
2007,CE,Comercial,1330271.0
2007,CE,Industrial,2034013.0
2007,CE,Outros,1617783.0
2007,CE,Residencial,2316754.0
2007,CE,Total,7298821.0
2007,DF,Cativo,4294687.0
2007,DF,Comercial,1305718.0
2007,DF,Industrial,498172.0
2007,DF,Outros,1122547.0
2007,DF,Residencial,1704639.0
2007,DF,Total,4631076.0
2007,ES,Cativo,4909997.0
2007,ES,Comercial,1239562.0
2007,ES,Industrial,4450743.0
2007,ES,Outros,1178425.0
2007,ES,Residencial,1575604.0
2007,ES,Total,8444334.0
2007,GO,Cativo,8240355.0
2007,GO,Comercial,1390814.0
2007,GO,Industrial,2861412.0
2007,GO,Outros,2150557.0
2007,GO,Residencial,2657861.0
2007,GO,Total,9060644.0
2007,MA,Cativo,3631237.0
2007,MA,Comercial,633630.0
2007,MA,Industrial,7951563.0
2007,MA,Outros,778536.0
2007,MA,Residencial,1353219.0
2007,MA,Total,10716948.0
2007,MG,Cativo,22336201.0
2007,MG,Comercial,4379478.0
2007,MG,Industrial,32610430.0
2007,MG,Outros,5347576.0
2007,MG,Residencial,7292793.0
2007,MG,Total,49630277.0
2007,MS,Cativo,3043453.0
2007,MS,Comercial,666730.0
2007,MS,Industrial,947406.0
2007,MS,Outros,900068.0
2007,MS,Residencial,1010551.0
2007,MS,Total,3524755.0
2007,MT,Cativo,4317543.0
2007,MT,Comercial,973230.0
2007,MT,Industrial,1390199.0
2007,MT,Outros,1053957.0
2007,MT,Residencial,1397477.0
2007,MT,Total,4814863.0
2007,PA,Cativo,6819255.0
2007,PA,Comercial,1117946.0
2007,PA,Industrial,10360895.0
2007,PA,Outros,1067738.0
2007,PA,Residencial,1885942.0
2007,PA,Total,14432521.0
2007,PB,Cativo,2849858.0
2007,PB,Comercial,487865.0
2007,PB,Industrial,1244318.0
2007,PB,Outros,714285.0
2007,PB,Residencial,965894.0
2007,PB,Total,3412362.0
2007,PE,Cativo,8438516.0
2007,PE,Comercial,1755316.0
2007,PE,Industrial,2611771.0
2007,PE,Outros,1941213.0
2007,PE,Residencial,3021529.0
2007,PE,Total,9329829.0
2007,PI,Cativo,1729202.0
2007,PI,Comercial,350847.0
2007,PI,Industrial,229139.0
2007,PI,Outros,460939.0
2007,PI,Residencial,710125.0
2007,PI,Total,1751050.0
2007,PR,Cativo,19000948.0
2007,PR,Comercial,3781633.0
2007,PR,Industrial,9836781.0
2007,PR,Outros,3494418.0
2007,PR,Residencial,5218348.0
2007,PR,Total,22331180.0
2007,RJ,Cativo,26306079.0
2007,RJ,Comercial,7694936.0
2007,RJ,Industrial,9463105.0
2007,RJ,Outros,5440964.0
2007,RJ,Residencial,10652170.0
2007,RJ,Total,33251175.0
2007,RN,Cativo,3358289.0
2007,RN,Comercial,684619.0
2007,RN,Industrial,1254113.0
2007,RN,Outros,889832.0
2007,RN,Residencial,1125464.0
2007,RN,Total,3954028.0
2007,RO,Cativo,1633805.0
2007,RO,Comercial,371995.0
2007,RO,Industrial,271057.0
2007,RO,Outros,411518.0
2007,RO,Residencial,579235.0
2007,RO,Total,1633805.0
2007,RR,Cativo,425294.0
2007,RR,Comercial,90764.0
2007,RR,Industrial,14663.0
2007,RR,Outros,124310.0
2007,RR,Residencial,195557.0
2007,RR,Total,425294.0
2007,RS,Cativo,20756027.0
2007,RS,Comercial,3712987.0
2007,RS,Industrial,9568481.0
2007,RS,Outros,4535533.0
2007,RS,Residencial,5968389.0
2007,RS,Total,23785390.0
2007,SC,Cativo,13855291.0
2007,SC,Comercial,2433487.0
2007,SC,Industrial,7975151.0
2007,SC,Outros,2722718.0
2007,SC,Residencial,3748457.0
2007,SC,Total,16879813.0
2007,SE,Cativo,1804327.0
2007,SE,Comercial,348464.0
2007,SE,Industrial,1368946.0
2007,SE,Outros,473784.0
2007,SE,Residencial,590221.0
2007,SE,Total,2781415.0
2007,SP,Cativo,81791525.0
2007,SP,Comercial,19934953.0
2007,SP,Industrial,53451769.0
2007,SP,Outros,12722851.0
2007,SP,Residencial,29349812.0
2007,SP,Total,115459385.0
2007,TO,Cativo,1055558.0
2007,TO,Comercial,222354.0
2007,TO,Industrial,125249.0
2007,TO,Outros,322790.0
2007,TO,Residencial,385165.0
2007,TO,Total,1055558.0
2008,AC,Cativo,582603.0
2008,AC,Comercial,123956.0
2008,AC,Industrial,32480.0
2008,AC,Outros,174300.0
2008,AC,Residencial,251867.0
2008,AC,Total,582603.0
2008,AL,Cativo,3719242.0
2008,AL,Comercial,464847.0
2008,AL,Industrial,1985292.0
2008,AL,Outros,648768.0
2008,AL,Residencial,809225.0
2008,AL,Total,3908132.0
2008,AM,Cativo,4355963.0
2008,AM,Comercial,787776.0
2008,AM,Industrial,1663361.0
2008,AM,Outros,781867.0
2008,AM,Residencial,1122959.0
2008,AM,Total,4355963.0
2008,AP,Cativo,667443.0
2008,AP,Comercial,141116.0
2008,AP,Industrial,53002.0
2008,AP,Outros,166406.0
2008,AP,Residencial,306919.0
2008,AP,Total,667443.0
2008,BA,Cativo,19083432.0
2008,BA,Comercial,2462169.0
2008,BA,Industrial,10769582.0
2008,BA,Outros,3018002.0
2008,BA,Residencial,4190343.0
2008,BA,Total,20440096.0
2008,CE,Cativo,6947808.0
2008,CE,Comercial,1424166.0
2008,CE,Industrial,2047273.0
2008,CE,Outros,1694927.0
2008,CE,Residencial,2456488.0
2008,CE,Total,7622854.0
2008,DF,Cativo,4555500.0
2008,DF,Comercial,1391065.0
2008,DF,Industrial,549683.0
2008,DF,Outros,1194306.0
2008,DF,Residencial,1785468.0
2008,DF,Total,4920522.0
2008,ES,Cativo,5128427.0
2008,ES,Comercial,1306527.0
2008,ES,Industrial,4368452.0
2008,ES,Outros,1250356.0
2008,ES,Residencial,1676868.0
2008,ES,Total,8602203.0
2008,GO,Cativo,8813306.0
2008,GO,Comercial,1676044.0
2008,GO,Industrial,3084438.0
2008,GO,Outros,2312148.0
2008,GO,Residencial,2796287.0
2008,GO,Total,9868917.0
2008,MA,Cativo,3764025.9
2008,MA,Comercial,670351.37
2008,MA,Industrial,8038281.41
2008,MA,Outros,791096.4
2008,MA,Residencial,1466082.8
2008,MA,Total,10965811.98
2008,MG,Cativo,24142669.0
2008,MG,Comercial,4723116.0
2008,MG,Industrial,30670488.0
2008,MG,Outros,5539048.0
2008,MG,Residencial,7726417.0
2008,MG,Total,48659069.0
2008,MS,Cativo,3139604.0
2008,MS,Comercial,686889.0
2008,MS,Industrial,1041540.0
2008,MS,Outros,881694.0
2008,MS,Residencial,1028618.0
2008,MS,Total,3638741.0
2008,MT,Cativo,4752764.0
2008,MT,Comercial,1049185.0
2008,MT,Industrial,1522235.0
2008,MT,Outros,1167020.0
2008,MT,Residencial,1485779.0
2008,MT,Total,5224219.0
2008,PA,Cativo,7218694.0
2008,PA,Comercial,1185109.0
2008,PA,Industrial,10587526.0
2008,PA,Outros,1108733.0
2008,PA,Residencial,2049598.0
2008,PA,Total,14930966.0
2008,PB,Cativo,3071090.0
2008,PB,Comercial,536806.0
2008,PB,Industrial,1271962.0
2008,PB,Outros,771087.0
2008,PB,Residencial,1041690.0
2008,PB,Total,3621545.0
2008,PE,Cativo,9339785.0
2008,PE,Comercial,1835432.0
2008,PE,Industrial,2672696.0
2008,PE,Outros,2015436.0
2008,PE,Residencial,3206488.0
2008,PE,Total,9730052.0
2008,PI,Cativo,1843015.0
2008,PI,Comercial,369848.0
2008,PI,Industrial,235932.0
2008,PI,Outros,477067.0
2008,PI,Residencial,760168.0
2008,PI,Total,1843015.0
2008,PR,Cativo,20116387.0
2008,PR,Comercial,4041203.0
2008,PR,Industrial,10476307.0
2008,PR,Outros,3632994.0
2008,PR,Residencial,5460761.0
2008,PR,Total,23611265.0
2008,RJ,Cativo,26908816.0
2008,RJ,Comercial,7911239.0
2008,RJ,Industrial,9443417.0
2008,RJ,Outros,5595087.0
2008,RJ,Residencial,10772914.0
2008,RJ,Total,33722657.0
2008,RN,Cativo,3767854.0
2008,RN,Comercial,750798.0
2008,RN,Industrial,1200488.0
2008,RN,Outros,892736.0
2008,RN,Residencial,1197723.0
2008,RN,Total,4041745.0
2008,RO,Cativo,1749852.0
2008,RO,Comercial,387877.0
2008,RO,Industrial,300800.0
2008,RO,Outros,441408.0
2008,RO,Residencial,619767.0
2008,RO,Total,1749852.0
2008,RR,Cativo,449998.0
2008,RR,Comercial,99126.0
2008,RR,Industrial,15420.0
2008,RR,Outros,124368.0
2008,RR,Residencial,211084.0
2008,RR,Total,449998.0
2008,RS,Cativo,21698790.0
2008,RS,Comercial,3878802.0
2008,RS,Industrial,9873840.0
2008,RS,Outros,4844707.0
2008,RS,Residencial,6109256.0
2008,RS,Total,24706605.0
2008,SC,Cativo,14662428.0
2008,SC,Comercial,2533205.0
2008,SC,Industrial,8374998.0
2008,SC,Outros,2819603.0
2008,SC,Residencial,3854283.0
2008,SC,Total,17582089.0
2008,SE,Cativo,1982857.0
2008,SE,Comercial,393757.0
2008,SE,Industrial,1381043.0
2008,SE,Outros,504033.0
2008,SE,Residencial,651111.0
2008,SE,Total,2929944.0
2008,SP,Cativo,85611456.0
2008,SP,Comercial,20744417.0
2008,SP,Industrial,54032831.0
2008,SP,Outros,12881594.0
2008,SP,Residencial,31300993.0
2008,SP,Total,118959835.0
2008,TO,Cativo,1136257.0
2008,TO,Comercial,238074.0
2008,TO,Industrial,140691.0
2008,TO,Outros,350260.0
2008,TO,Residencial,407232.0
2008,TO,Total,1136257.0
2009,AC,Cativo,618982.0
2009,AC,Comercial,130739.0
2009,AC,Industrial,33012.0
2009,AC,Outros,185480.0
2009,AC,Residencial,272035.0
2009,AC,Total,621266.0
2009,AL,Cativo,3618839.0
2009,AL,Comercial,487158.0
2009,AL,Industrial,1777849.0
2009,AL,Outros,662806.0
2009,AL,Residencial,854277.0
2009,AL,Total,3782090.0
2009,AM,Cativo,4361756.0
2009,AM,Comercial,854976.0
2009,AM,Industrial,1480710.0
2009,AM,Outros,828382.0
2009,AM,Residencial,1197688.0
2009,AM,Total,4361756.0
2009,AP,Cativo,708257.0
2009,AP,Comercial,158423.0
2009,AP,Industrial,37809.0
2009,AP,Outros,167589.0
2009,AP,Residencial,344436.0
2009,AP,Total,708257.0
2009,BA,Cativo,19245979.0
2009,BA,Comercial,2634866.0
2009,BA,Industrial,9472812.0
2009,BA,Outros,3090278.0
2009,BA,Residencial,4652182.0
2009,BA,Total,19850138.0
2009,CE,Cativo,7283215.0
2009,CE,Comercial,1510506.0
2009,CE,Industrial,2072258.0
2009,CE,Outros,1727154.0
2009,CE,Residencial,2607764.0
2009,CE,Total,7917682.0
2009,DF,Cativo,5038479.0
2009,DF,Comercial,1537660.0
2009,DF,Industrial,580316.0
2009,DF,Outros,1248762.0
2009,DF,Residencial,1878995.0
2009,DF,Total,5245733.0
2009,ES,Cativo,5264172.0
2009,ES,Comercial,1342004.0
2009,ES,Industrial,3539186.0
2009,ES,Outros,1280898.0
2009,ES,Residencial,1808163.0
2009,ES,Total,7970251.0
2009,GO,Cativo,8987082.0
2009,GO,Comercial,1803544.0
2009,GO,Industrial,3279931.8
2009,GO,Outros,2274664.0
2009,GO,Residencial,2945481.0
2009,GO,Total,10303620.8
2009,MA,Cativo,3803344.0
2009,MA,Comercial,703753.0
2009,MA,Industrial,7598496.0
2009,MA,Outros,850472.0
2009,MA,Residencial,1641066.0
2009,MA,Total,10793787.0
2009,MG,Cativo,24200528.0
2009,MG,Comercial,5044309.0
2009,MG,Industrial,26264375.0
2009,MG,Outros,5483352.0
2009,MG,Residencial,8299449.0
2009,MG,Total,45091485.0
2009,MS,Cativo,3383210.0
2009,MS,Comercial,748196.0
2009,MS,Industrial,969974.0
2009,MS,Outros,935546.0
2009,MS,Residencial,1152991.0
2009,MS,Total,3806707.0
2009,MT,Cativo,4984317.85
2009,MT,Comercial,1098444.0
2009,MT,Industrial,1613085.0
2009,MT,Outros,1233077.85
2009,MT,Residencial,1595715.0
2009,MT,Total,5540321.85
2009,PA,Cativo,7096134.0
2009,PA,Comercial,1215521.0
2009,PA,Industrial,10328045.0
2009,PA,Outros,1145250.0
2009,PA,Residencial,2078438.0
2009,PA,Total,14767254.0
2009,PB,Cativo,3170953.0
2009,PB,Comercial,577129.0
2009,PB,Industrial,1243382.0
2009,PB,Outros,789343.0
2009,PB,Residencial,1104639.0
2009,PB,Total,3714493.0
2009,PE,Cativo,9772126.0
2009,PE,Comercial,1926232.0
2009,PE,Industrial,2573345.0
2009,PE,Outros,2081967.0
2009,PE,Residencial,3507062.0
2009,PE,Total,10088606.0
2009,PI,Cativo,1903225.0
2009,PI,Comercial,388716.0
2009,PI,Industrial,231370.0
2009,PI,Outros,475447.0
2009,PI,Residencial,807695.0
2009,PI,Total,1903228.0
2009,PR,Cativo,20749237.0
2009,PR,Comercial,4275224.0
2009,PR,Industrial,9967165.0
2009,PR,Outros,3903889.0
2009,PR,Residencial,5757614.0
2009,PR,Total,23903892.0
2009,RJ,Cativo,27619603.0
2009,RJ,Comercial,8243987.0
2009,RJ,Industrial,8119517.7
2009,RJ,Outros,5510558.0
2009,RJ,Residencial,11436806.0
2009,RJ,Total,33310868.7
2009,RN,Cativo,4084128.0
2009,RN,Comercial,789560.0
2009,RN,Industrial,1152401.0
2009,RN,Outros,873501.0
2009,RN,Residencial,1311817.0
2009,RN,Total,4127279.0
2009,RO,Cativo,1913755.0
2009,RO,Comercial,425761.0
2009,RO,Industrial,320707.0
2009,RO,Outros,482281.0
2009,RO,Residencial,685006.0
2009,RO,Total,1913755.0
2009,RR,Cativo,491253.0
2009,RR,Comercial,106365.0
2009,RR,Industrial,15138.0
2009,RR,Outros,134082.0
2009,RR,Residencial,235668.0
2009,RR,Total,491253.0
2009,RS,Cativo,21609292.0
2009,RS,Comercial,4089891.0
2009,RS,Industrial,9040880.0
2009,RS,Outros,4896427.0
2009,RS,Residencial,6417036.0
2009,RS,Total,24444234.0
2009,SC,Cativo,15032320.0
2009,SC,Comercial,2727537.0
2009,SC,Industrial,7955067.0
2009,SC,Outros,2362012.0
2009,SC,Residencial,4135527.0
2009,SC,Total,17180143.0
2009,SE,Cativo,2171239.0
2009,SE,Comercial,430434.0
2009,SE,Industrial,1366615.0
2009,SE,Outros,535419.0
2009,SE,Residencial,733993.0
2009,SE,Total,3066461.0
2009,SP,Cativo,86963635.0
2009,SP,Comercial,21750837.0
2009,SP,Industrial,50610669.0
2009,SP,Outros,12949825.0
2009,SP,Residencial,32871030.0
2009,SP,Total,118182361.0
2009,TO,Cativo,1219458.0
2009,TO,Comercial,252790.0
2009,TO,Industrial,154546.0
2009,TO,Outros,368525.0
2009,TO,Residencial,443597.0
2009,TO,Total,1219458.0
2010,AC,Cativo,670665.36
2010,AC,Comercial,143821.0
2010,AC,Industrial,35797.0
2010,AC,Outros,183891.36
2010,AC,Residencial,309742.0
2010,AC,Total,673251.36
2010,AL,Cativo,3855683.0
2010,AL,Comercial,537920.0
2010,AL,Industrial,1895848.0
2010,AL,Outros,645632.0
2010,AL,Residencial,925967.0
2010,AL,Total,4005367.0
2010,AM,Cativo,4815239.0
2010,AM,Comercial,945274.0
2010,AM,Industrial,1651843.0
2010,AM,Outros,900511.0
2010,AM,Residencial,1317611.0
2010,AM,Total,4815239.0
2010,AP,Cativo,785874.0
2010,AP,Comercial,179541.0
2010,AP,Industrial,34637.0
2010,AP,Outros,175157.0
2010,AP,Residencial,396539.0
2010,AP,Total,785874.0
2010,BA,Cativo,20047278.0
2010,BA,Comercial,2797514.0
2010,BA,Industrial,10334244.0
2010,BA,Outros,3233151.0
2010,BA,Residencial,5176197.0
2010,BA,Total,21541106.0
2010,CE,Cativo,8144846.0
2010,CE,Comercial,1684609.0
2010,CE,Industrial,2223896.0
2010,CE,Outros,2018312.0
2010,CE,Residencial,2949210.0
2010,CE,Total,8876027.0
2010,DF,Cativo,5385063.0
2010,DF,Comercial,1653555.0
2010,DF,Industrial,634350.0
2010,DF,Outros,1347703.0
2010,DF,Residencial,1966598.0
2010,DF,Total,5602206.0
2010,ES,Cativo,5636549.0
2010,ES,Comercial,1411222.0
2010,ES,Industrial,4693683.0
2010,ES,Outros,1367602.0
2010,ES,Residencial,1913546.0
2010,ES,Total,9386053.0
2010,GO,Cativo,9637039.0
2010,GO,Comercial,1866999.0
2010,GO,Industrial,3281451.0
2010,GO,Outros,2459988.0
2010,GO,Residencial,3296839.0
2010,GO,Total,10905277.0
2010,MA,Cativo,4516780.0
2010,MA,Comercial,817593.0
2010,MA,Industrial,7882472.0
2010,MA,Outros,996585.0
2010,MA,Residencial,1916565.0
2010,MA,Total,11613215.0
2010,MG,Cativo,24975952.0
2010,MG,Comercial,5268187.0
2010,MG,Industrial,31515027.0
2010,MG,Outros,5843464.0
2010,MG,Residencial,8686179.0
2010,MG,Total,51312857.0
2010,MS,Cativo,3650751.0
2010,MS,Comercial,815170.0
2010,MS,Industrial,997740.0
2010,MS,Outros,966524.0
2010,MS,Residencial,1237873.0
2010,MS,Total,4017307.0
2010,MT,Cativo,5108715.0
2010,MT,Comercial,1150161.0
2010,MT,Industrial,1630982.0
2010,MT,Outros,1299491.0
2010,MT,Residencial,1705056.0
2010,MT,Total,5785690.0
2010,PA,Cativo,7807153.0
2010,PA,Comercial,1327492.0
2010,PA,Industrial,10925228.0
2010,PA,Outros,1220535.0
2010,PA,Residencial,2320654.0
2010,PA,Total,15793909.0
2010,PB,Cativo,3583120.0
2010,PB,Comercial,651136.0
2010,PB,Industrial,1392310.0
2010,PB,Outros,873316.0
2010,PB,Residencial,1264291.0
2010,PB,Total,4181053.0
2010,PE,Cativo,10261697.0
2010,PE,Comercial,2057833.0
2010,PE,Industrial,2872920.0
2010,PE,Outros,2214238.0
2010,PE,Residencial,3791342.0
2010,PE,Total,10936333.0
2010,PI,Cativo,2225664.0
2010,PI,Comercial,453775.0
2010,PI,Industrial,251424.0
2010,PI,Outros,530937.0
2010,PI,Residencial,989528.0
2010,PI,Total,2225664.0
2010,PR,Cativo,22046560.0
2010,PR,Comercial,4568603.0
2010,PR,Industrial,10649499.0
2010,PR,Outros,4118663.0
2010,PR,Residencial,6018594.0
2010,PR,Total,25355359.0
2010,RJ,Cativo,28542438.0
2010,RJ,Comercial,8608801.0
2010,RJ,Industrial,9517035.0
2010,RJ,Outros,5808844.0
2010,RJ,Residencial,11866517.0
2010,RJ,Total,35801197.0
2010,RN,Cativo,3842002.0
2010,RN,Comercial,851833.0
2010,RN,Industrial,1263275.0
2010,RN,Outros,940440.0
2010,RN,Residencial,1467783.0
2010,RN,Total,4523331.0
2010,RO,Cativo,2184581.0
2010,RO,Comercial,480278.0
2010,RO,Industrial,394081.0
2010,RO,Outros,516276.0
2010,RO,Residencial,793946.0
2010,RO,Total,2184581.0
2010,RR,Cativo,542696.0
2010,RR,Comercial,116689.0
2010,RR,Industrial,17101.0
2010,RR,Outros,145056.0
2010,RR,Residencial,263850.0
2010,RR,Total,542696.0
2010,RS,Cativo,22839652.4
2010,RS,Comercial,4281925.6
2010,RS,Industrial,10166640.3
2010,RS,Outros,5026863.41
2010,RS,Residencial,6753203.0
2010,RS,Total,26228632.31
2010,SC,Cativo,15211469.0
2010,SC,Comercial,2881756.0
2010,SC,Industrial,8759560.0
2010,SC,Outros,2359282.34
2010,SC,Residencial,4349326.0
2010,SC,Total,18349924.34
2010,SE,Cativo,2273468.3
2010,SE,Comercial,453931.0
2010,SE,Industrial,1471470.0
2010,SE,Outros,566067.35
2010,SE,Residencial,803381.0
2010,SE,Total,3294849.35
2010,SP,Cativo,90344792.3
2010,SP,Comercial,22867305.0
2010,SP,Industrial,54779982.0
2010,SP,Outros,13643202.3
2010,SP,Residencial,34214106.0
2010,SP,Total,125504595.3
2010,TO,Cativo,1417154.0
2010,TO,Comercial,297073.0
2010,TO,Industrial,205812.0
2010,TO,Outros,403052.0
2010,TO,Residencial,520227.0
2010,TO,Total,1426164.0
2011,AC,Cativo,727378.86
2011,AC,Comercial,160847.0
2011,AC,Industrial,37939.0
2011,AC,Outros,197661.86
2011,AC,Residencial,331917.0
2011,AC,Total,728364.86
2011,AL,Cativo,3778636.0
2011,AL,Comercial,572480.0
2011,AL,Industrial,1627283.0
2011,AL,Outros,662892.0
2011,AL,Residencial,1019796.0
2011,AL,Total,3882451.0
2011,AM,Cativo,5085352.0
2011,AM,Comercial,1010478.0
2011,AM,Industrial,1775360.0
2011,AM,Outros,913909.0
2011,AM,Residencial,1385605.0
2011,AM,Total,5085352.0
2011,AP,Cativo,825072.0
2011,AP,Comercial,193452.0
2011,AP,Industrial,34702.0
2011,AP,Outros,177284.0
2011,AP,Residencial,419634.0
2011,AP,Total,825072.0
2011,BA,Cativo,19907321.0
2011,BA,Comercial,2896664.0
2011,BA,Industrial,9334121.0
2011,BA,Outros,3361514.0
2011,BA,Residencial,5367100.0
2011,BA,Total,20959399.0
2011,CE,Cativo,8038433.0
2011,CE,Comercial,1711683.0
2011,CE,Industrial,2313300.0
2011,CE,Outros,1970727.0
2011,CE,Residencial,3031925.0
2011,CE,Total,9027635.0
2011,DF,Cativo,5471755.0
2011,DF,Comercial,1834229.0
2011,DF,Industrial,675370.0
2011,DF,Outros,1402938.0
2011,DF,Residencial,2005410.0
2011,DF,Total,5917947.0
2011,ES,Cativo,5781319.0
2011,ES,Comercial,1472890.0
2011,ES,Industrial,4961461.0
2011,ES,Outros,1364660.0
2011,ES,Residencial,1968552.0
2011,ES,Total,9767563.0
2011,GO,Cativo,9842014.0
2011,GO,Comercial,1903278.0
2011,GO,Industrial,4029144.0
2011,GO,Outros,2353172.0
2011,GO,Residencial,3420798.0
2011,GO,Total,11706392.0
2011,MA,Cativo,4783885.0
2011,MA,Comercial,872763.0
2011,MA,Industrial,8111262.0
2011,MA,Outros,1027471.0
2011,MA,Residencial,2041260.0
2011,MA,Total,12052756.0
2011,MG,Cativo,26095303.0
2011,MG,Comercial,5764918.0
2011,MG,Industrial,32492120.0
2011,MG,Outros,6231550.0
2011,MG,Residencial,9122122.0
2011,MG,Total,53610710.0
2011,MS,Cativo,3906243.0
2011,MS,Comercial,902923.0
2011,MS,Industrial,1053510.0
2011,MS,Outros,1019274.0
2011,MS,Residencial,1326457.0
2011,MS,Total,4302164.0
2011,MT,Cativo,5209538.0
2011,MT,Comercial,1255627.0
2011,MT,Industrial,1849332.0
2011,MT,Outros,1400661.0
2011,MT,Residencial,1772399.0
2011,MT,Total,6278019.0
2011,PA,Cativo,7788983.0
2011,PA,Comercial,1383560.0
2011,PA,Industrial,11697322.0
2011,PA,Outros,1225806.0
2011,PA,Residencial,2345949.0
2011,PA,Total,16652637.0
2011,PB,Cativo,3687972.0
2011,PB,Comercial,693912.0
2011,PB,Industrial,1328045.0
2011,PB,Outros,879108.0
2011,PB,Residencial,1355596.0
2011,PB,Total,4256661.0
2011,PE,Cativo,10428349.0
2011,PE,Comercial,2166192.0
2011,PE,Industrial,2989830.0
2011,PE,Outros,2201985.0
2011,PE,Residencial,3932766.0
2011,PE,Total,11290773.0
2011,PI,Cativo,2392555.0
2011,PI,Comercial,491320.0
2011,PI,Industrial,245272.0
2011,PI,Outros,627290.0
2011,PI,Residencial,1028673.0
2011,PI,Total,2392555.0
2011,PR,Cativo,23034968.0
2011,PR,Comercial,4911719.0
2011,PR,Industrial,11058411.0
2011,PR,Outros,4269338.0
2011,PR,Residencial,6314932.0
2011,PR,Total,26554400.0
2011,RJ,Cativo,30147566.0
2011,RJ,Comercial,8974998.0
2011,RJ,Industrial,8937740.0
2011,RJ,Outros,6755084.0
2011,RJ,Residencial,12340103.0
2011,RJ,Total,37007925.0
2011,RN,Cativo,3945662.0
2011,RN,Comercial,878660.0
2011,RN,Industrial,1245089.0
2011,RN,Outros,922736.0
2011,RN,Residencial,1531495.0
2011,RN,Total,4577980.0
2011,RO,Cativo,2377847.0
2011,RO,Comercial,527474.0
2011,RO,Industrial,432199.0
2011,RO,Outros,542714.0
2011,RO,Residencial,875460.0
2011,RO,Total,2377847.0
2011,RR,Cativo,586999.0
2011,RR,Comercial,129391.0
2011,RR,Industrial,15802.0
2011,RR,Outros,149865.0
2011,RR,Residencial,291941.0
2011,RR,Total,586999.0
2011,RS,Cativo,23693817.0
2011,RS,Comercial,4602704.0
2011,RS,Industrial,10594743.0
2011,RS,Outros,5476057.0
2011,RS,Residencial,6956044.0
2011,RS,Total,27629548.0
2011,SC,Cativo,16080353.0
2011,SC,Comercial,3125222.0
2011,SC,Industrial,8968811.0
2011,SC,Outros,3722624.0
2011,SC,Residencial,4469182.0
2011,SC,Total,20285839.0
2011,SE,Cativo,2396165.0
2011,SE,Comercial,478689.0
2011,SE,Industrial,1545676.0
2011,SE,Outros,595302.0
2011,SE,Residencial,853928.0
2011,SE,Total,3473595.0
2011,SP,Cativo,92865503.0
2011,SP,Comercial,24253309.0
2011,SP,Industrial,55989265.0
2011,SP,Outros,14121708.0
2011,SP,Residencial,35917903.0
2011,SP,Total,130282185.0
2011,TO,Cativo,1472780.0
2011,TO,Comercial,312141.0
2011,TO,Industrial,232439.0
2011,TO,Outros,414566.0
2011,TO,Residencial,543719.0
2011,TO,Total,1502865.0
2012,AC,Cativo,820091.72
2012,AC,Comercial,190537.61
2012,AC,Industrial,43825.0
2012,AC,Outros,225604.1
2012,AC,Residencial,362017.0
2012,AC,Total,821983.71
2012,AL,Cativo,4342181.0
2012,AL,Comercial,644989.0
2012,AL,Industrial,1945027.0
2012,AL,Outros,760785.0
2012,AL,Residencial,1096220.0
2012,AL,Total,4447021.0
2012,AM,Cativo,5596326.0
2012,AM,Comercial,1180407.0
2012,AM,Industrial,1816286.0
2012,AM,Outros,1044507.0
2012,AM,Residencial,1555126.0
2012,AM,Total,5596326.0
2012,AP,Cativo,881936.0
2012,AP,Comercial,215861.0
2012,AP,Industrial,36580.0
2012,AP,Outros,181211.0
2012,AP,Residencial,448284.0
2012,AP,Total,881936.0
2012,BA,Cativo,19536898.0
2012,BA,Comercial,3033843.0
2012,BA,Industrial,9602149.0
2012,BA,Outros,3670645.0
2012,BA,Residencial,5504723.0
2012,BA,Total,21811360.0
2012,CE,Cativo,8871976.0
2012,CE,Comercial,1883063.0
2012,CE,Industrial,2383024.0
2012,CE,Outros,2401454.0
2012,CE,Residencial,3357071.0
2012,CE,Total,10024612.0
2012,DF,Cativo,5667599.0
2012,DF,Comercial,1924662.0
2012,DF,Industrial,732834.0
2012,DF,Outros,1449431.0
2012,DF,Residencial,2074439.0
2012,DF,Total,6181366.0
2012,ES,Cativo,6121000.0
2012,ES,Comercial,1619139.0
2012,ES,Industrial,4899050.0
2012,ES,Outros,1470417.0
2012,ES,Residencial,2071426.0
2012,ES,Total,10060032.0
2012,GO,Cativo,10610126.0
2012,GO,Comercial,2102890.0
2012,GO,Industrial,4665310.0
2012,GO,Outros,2504203.0
2012,GO,Residencial,3731975.0
2012,GO,Total,13004378.0
2012,MA,Cativo,4775881.0
2012,MA,Comercial,960423.0
2012,MA,Industrial,7372669.0
2012,MA,Outros,1109162.0
2012,MA,Residencial,2257543.0
2012,MA,Total,11699797.0
2012,MG,Cativo,26477352.0
2012,MG,Comercial,6167648.0
2012,MG,Industrial,31186425.0
2012,MG,Outros,6577513.0
2012,MG,Residencial,9475471.0
2012,MG,Total,53407057.0
2012,MS,Cativo,4221837.0
2012,MS,Comercial,1014739.0
2012,MS,Industrial,1152727.0
2012,MS,Outros,1075300.0
2012,MS,Residencial,1451186.0
2012,MS,Total,4693952.0
2012,MT,Cativo,5578685.0
2012,MT,Comercial,1367622.0
2012,MT,Industrial,1993502.0
2012,MT,Outros,1532197.0
2012,MT,Residencial,1944711.0
2012,MT,Total,6838032.0
2012,PA,Cativo,6322387.0
2012,PA,Comercial,1467473.0
2012,PA,Industrial,11553793.0
2012,PA,Outros,1217714.0
2012,PA,Residencial,2409108.0
2012,PA,Total,16648088.0
2012,PB,Cativo,3930599.0
2012,PB,Comercial,754437.0
2012,PB,Industrial,1409207.0
2012,PB,Outros,975493.0
2012,PB,Residencial,1430885.0
2012,PB,Total,4570022.0
2012,PE,Cativo,10275640.0
2012,PE,Comercial,2329612.0
2012,PE,Industrial,3150897.0
2012,PE,Outros,2322614.0
2012,PE,Residencial,4028383.0
2012,PE,Total,11831506.0
2012,PI,Cativo,2734312.0
2012,PI,Comercial,572242.0
2012,PI,Industrial,227822.0
2012,PI,Outros,740015.0
2012,PI,Residencial,1194233.0
2012,PI,Total,2734312.0
2012,PR,Cativo,23849429.26
2012,PR,Comercial,5261703.02
2012,PR,Industrial,11356199.24
2012,PR,Outros,4518410.35
2012,PR,Residencial,6653965.53
2012,PR,Total,27790278.14
2012,RJ,Cativo,30530819.0
2012,RJ,Comercial,9654422.0
2012,RJ,Industrial,9073326.0
2012,RJ,Outros,6954473.0
2012,RJ,Residencial,12367313.0
2012,RJ,Total,38049534.0
2012,RN,Cativo,4173196.0
2012,RN,Comercial,922069.0
2012,RN,Industrial,1238885.0
2012,RN,Outros,1073522.0
2012,RN,Residencial,1635583.0
2012,RN,Total,4870059.0
2012,RO,Cativo,2826148.0
2012,RO,Comercial,603133.0
2012,RO,Industrial,567555.0
2012,RO,Outros,594751.0
2012,RO,Residencial,1060709.0
2012,RO,Total,2826148.0
2012,RR,Cativo,661925.0
2012,RR,Comercial,148099.0
2012,RR,Industrial,18643.0
2012,RR,Outros,165863.0
2012,RR,Residencial,329320.0
2012,RR,Total,661925.0
2012,RS,Cativo,23704044.0
2012,RS,Comercial,4971680.0
2012,RS,Industrial,10248188.0
2012,RS,Outros,5555185.0
2012,RS,Residencial,7336379.0
2012,RS,Total,28111432.0
2012,SC,Cativo,16533432.0
2012,SC,Comercial,3507307.0
2012,SC,Industrial,9311846.0
2012,SC,Outros,4070357.0
2012,SC,Residencial,4699408.0
2012,SC,Total,21588918.0
2012,SE,Cativo,2472002.0
2012,SE,Comercial,520004.0
2012,SE,Industrial,1572592.0
2012,SE,Outros,638657.0
2012,SE,Residencial,890460.0
2012,SE,Total,3621713.0
2012,SP,Cativo,94413643.0
2012,SP,Comercial,25870746.0
2012,SP,Industrial,55628351.0
2012,SP,Outros,14562848.0
2012,SP,Residencial,37680313.0
2012,SP,Total,133742258.0
2012,TO,Cativo,1569052.0
2012,TO,Comercial,337605.0
2012,TO,Industrial,238127.0
2012,TO,Outros,437015.0
2012,TO,Residencial,599598.0
2012,TO,Total,1612345.0
2013,AC,Cativo,833690.63
2013,AC,Comercial,193328.0
2013,AC,Industrial,37296.0
2013,AC,Outros,240371.63
2013,AC,Residencial,373115.0
2013,AC,Total,844110.63
2013,AL,Cativo,4591451.0
2013,AL,Comercial,700368.0
2013,AL,Industrial,2072949.0
2013,AL,Outros,786189.0
2013,AL,Residencial,1227063.0
2013,AL,Total,4786569.0
2013,AM,Cativo,5966223.0
2013,AM,Comercial,1236084.0
2013,AM,Industrial,1783888.0
2013,AM,Outros,1162593.0
2013,AM,Residencial,1783658.0
2013,AM,Total,5966223.0
2013,AP,Cativo,960896.0
2013,AP,Comercial,237576.0
2013,AP,Industrial,38007.0
2013,AP,Outros,185717.0
2013,AP,Residencial,499596.0
2013,AP,Total,960896.0
2013,BA,Cativo,20432837.0
2013,BA,Comercial,3307261.0
2013,BA,Industrial,9902533.0
2013,BA,Outros,3968339.0
2013,BA,Residencial,6143554.0
2013,BA,Total,23321687.0
2013,CE,Cativo,9473218.0
2013,CE,Comercial,2042833.0
2013,CE,Industrial,2498317.0
2013,CE,Outros,2516873.0
2013,CE,Residencial,3750613.0
2013,CE,Total,10808636.0
2013,DF,Cativo,5965187.0
2013,DF,Comercial,2016406.0
2013,DF,Industrial,783957.0
2013,DF,Outros,1541769.0
2013,DF,Residencial,2191307.0
2013,DF,Total,6533439.0
2013,ES,Cativo,6497253.0
2013,ES,Comercial,1707073.0
2013,ES,Industrial,4995217.0
2013,ES,Outros,1577206.0
2013,ES,Residencial,2212913.0
2013,ES,Total,10492409.0
2013,GO,Cativo,11105848.0
2013,GO,Comercial,2207508.0
2013,GO,Industrial,4894339.0
2013,GO,Outros,2555186.0
2013,GO,Residencial,3957573.0
2013,GO,Total,13614606.0
2013,MA,Cativo,5215632.0
2013,MA,Comercial,1062257.0
2013,MA,Industrial,6190444.0
2013,MA,Outros,1183001.0
2013,MA,Residencial,2563495.0
2013,MA,Total,10999197.0
2013,MG,Cativo,27563979.0
2013,MG,Comercial,6494685.0
2013,MG,Industrial,30404085.0
2013,MG,Outros,6882195.0
2013,MG,Residencial,10117919.0
2013,MG,Total,53898884.0
2013,MS,Cativo,4407388.0
2013,MS,Comercial,1077474.0
2013,MS,Industrial,1346070.0
2013,MS,Outros,1103103.0
2013,MS,Residencial,1571159.0
2013,MS,Total,5097806.0
2013,MT,Cativo,6113123.0
2013,MT,Comercial,1503494.0
2013,MT,Industrial,2188468.0
2013,MT,Outros,1635899.0
2013,MT,Residencial,2181737.0
2013,MT,Total,7509598.0
2013,PA,Cativo,6842694.0
2013,PA,Comercial,1626735.0
2013,PA,Industrial,11425188.0
2013,PA,Outros,1288066.0
2013,PA,Residencial,2632020.0
2013,PA,Total,16972009.0
2013,PB,Cativo,4117668.0
2013,PB,Comercial,825749.0
2013,PB,Industrial,1459806.0
2013,PB,Outros,1021318.0
2013,PB,Residencial,1603427.0
2013,PB,Total,4910300.0
2013,PE,Cativo,10911716.0
2013,PE,Comercial,2547770.0
2013,PE,Industrial,3413864.0
2013,PE,Outros,2410137.0
2013,PE,Residencial,4563335.0
2013,PE,Total,12935106.0
2013,PI,Cativo,2807636.0
2013,PI,Comercial,618107.0
2013,PI,Industrial,268597.0
2013,PI,Outros,676506.0
2013,PI,Residencial,1328469.0
2013,PI,Total,2891679.0
2013,PR,Cativo,23562548.0
2013,PR,Comercial,5494360.0
2013,PR,Industrial,11879150.0
2013,PR,Outros,4669697.0
2013,PR,Residencial,6985892.0
2013,PR,Total,29029099.0
2013,RJ,Cativo,31492973.0
2013,RJ,Comercial,10163661.0
2013,RJ,Industrial,9287161.0
2013,RJ,Outros,7185611.0
2013,RJ,Residencial,12832744.0
2013,RJ,Total,39469177.0
2013,RN,Cativo,4422645.0
2013,RN,Comercial,997824.0
2013,RN,Industrial,1287802.0
2013,RN,Outros,1125700.0
2013,RN,Residencial,1804820.0
2013,RN,Total,5216146.0
2013,RO,Cativo,2824575.0
2013,RO,Comercial,606077.0
2013,RO,Industrial,598583.0
2013,RO,Outros,641641.0
2013,RO,Residencial,1084123.0
2013,RO,Total,2930424.0
2013,RR,Cativo,705117.0
2013,RR,Comercial,155999.0
2013,RR,Industrial,18060.0
2013,RR,Outros,173966.0
2013,RR,Residencial,357092.0
2013,RR,Total,705117.0
2013,RS,Cativo,23602829.0
2013,RS,Comercial,5040224.0
2013,RS,Industrial,10665149.0
2013,RS,Outros,5500212.0
2013,RS,Residencial,7750414.0
2013,RS,Total,28955999.0
2013,SC,Cativo,16717492.0
2013,SC,Comercial,3645827.0
2013,SC,Industrial,9790268.0
2013,SC,Outros,4036837.0
2013,SC,Residencial,4934641.0
2013,SC,Total,22407573.0
2013,SE,Cativo,2588446.0
2013,SE,Comercial,556564.0
2013,SE,Industrial,1629443.0
2013,SE,Outros,659376.0
2013,SE,Residencial,979186.0
2013,SE,Total,3824569.0
2013,SP,Cativo,95250044.0
2013,SP,Comercial,27263156.0
2013,SP,Industrial,55550416.0
2013,SP,Outros,14648083.0
2013,SP,Residencial,38782678.0
2013,SP,Total,136244333.0
2013,TO,Cativo,1766617.0
2013,TO,Comercial,375480.0
2013,TO,Industrial,275500.0
2013,TO,Outros,470503.0
2013,TO,Residencial,695419.0
2013,TO,Total,1816902.0
2014,AC,Cativo,875327.0
2014,AC,Comercial,224450.0
2014,AC,Industrial,36908.0
2014,AC,Outros,224963.0
2014,AC,Residencial,400239.0
2014,AC,Total,886560.0
2014,AL,Cativo,4741538.0
2014,AL,Comercial,752102.0
2014,AL,Industrial,2127647.0
2014,AL,Outros,763219.0
2014,AL,Residencial,1306645.0
2014,AL,Total,4949613.0
2014,AM,Cativo,6275225.0
2014,AM,Comercial,1310079.0
2014,AM,Industrial,1786929.0
2014,AM,Outros,1166818.0
2014,AM,Residencial,2011399.0
2014,AM,Total,6275225.0
2014,AP,Cativo,1014621.0
2014,AP,Comercial,255356.0
2014,AP,Industrial,39221.0
2014,AP,Outros,186017.0
2014,AP,Residencial,534027.0
2014,AP,Total,1014621.0
2014,BA,Cativo,21486736.0
2014,BA,Comercial,3467709.0
2014,BA,Industrial,10683989.0
2014,BA,Outros,4067100.0
2014,BA,Residencial,6526183.0
2014,BA,Total,24744981.0
2014,CE,Cativo,10081654.0
2014,CE,Comercial,2182896.0
2014,CE,Industrial,2456427.0
2014,CE,Outros,2696364.0
2014,CE,Residencial,4020815.0
2014,CE,Total,11356502.0
2014,DF,Cativo,6165478.0
2014,DF,Comercial,2095863.0
2014,DF,Industrial,804834.0
2014,DF,Outros,1571815.0
2014,DF,Residencial,2299844.0
2014,DF,Total,6772356.0
2014,ES,Cativo,6848585.0
2014,ES,Comercial,1804547.0
2014,ES,Industrial,5118085.0
2014,ES,Outros,1640615.0
2014,ES,Residencial,2361911.0
2014,ES,Total,10925158.0
2014,GO,Cativo,11670425.0
2014,GO,Comercial,2323450.0
2014,GO,Industrial,5007351.0
2014,GO,Outros,2668837.0
2014,GO,Residencial,4238227.0
2014,GO,Total,14237865.0
2014,MA,Cativo,5590462.0
2014,MA,Comercial,1183193.0
2014,MA,Industrial,3500867.0
2014,MA,Outros,1231088.0
2014,MA,Residencial,2784966.0
2014,MA,Total,8700114.0
2014,MG,Cativo,29027894.0
2014,MG,Comercial,6852189.0
2014,MG,Industrial,29268148.0
2014,MG,Outros,7354404.0
2014,MG,Residencial,10697894.0
2014,MG,Total,54172635.0
2014,MS,Cativo,4744620.0
2014,MS,Comercial,1193837.0
2014,MS,Industrial,1236451.0
2014,MS,Outros,1162181.0
2014,MS,Residencial,1752894.0
2014,MS,Total,5345363.0
2014,MT,Cativo,6680502.0
2014,MT,Comercial,1614007.0
2014,MT,Industrial,2222390.0
2014,MT,Outros,1787799.0
2014,MT,Residencial,2401149.0
2014,MT,Total,8025345.0
2014,PA,Cativo,7663996.0
2014,PA,Comercial,1718733.0
2014,PA,Industrial,12085275.0
2014,PA,Outros,1401890.0
2014,PA,Residencial,3200255.0
2014,PA,Total,18406153.0
2014,PB,Cativo,4414263.0
2014,PB,Comercial,886365.0
2014,PB,Industrial,1474953.88
2014,PB,Outros,1022117.0
2014,PB,Residencial,1719925.0
2014,PB,Total,5103360.88
2014,PE,Cativo,11449951.0
2014,PE,Comercial,2716516.0
2014,PE,Industrial,3539023.0
2014,PE,Outros,2444941.01
2014,PE,Residencial,4758844.0
2014,PE,Total,13459324.01
2014,PI,Cativo,3004468.0
2014,PI,Comercial,668229.0
2014,PI,Industrial,288925.0
2014,PI,Outros,715628.0
2014,PI,Residencial,1413583.0
2014,PI,Total,3086365.0
2014,PR,Cativo,25051217.0
2014,PR,Comercial,5952662.0
2014,PR,Industrial,12108057.0
2014,PR,Outros,4962979.0
2014,PR,Residencial,7363258.0
2014,PR,Total,30386956.0
2014,RJ,Cativo,33311700.0
2014,RJ,Comercial,10728882.0
2014,RJ,Industrial,8804795.0
2014,RJ,Outros,7536285.0
2014,RJ,Residencial,13863606.0
2014,RJ,Total,40933568.0
2014,RN,Cativo,4620940.0
2014,RN,Comercial,1066623.0
2014,RN,Industrial,1322792.0
2014,RN,Outros,1143650.0
2014,RN,Residencial,1932555.0
2014,RN,Total,5465620.0
2014,RO,Cativo,2994773.0
2014,RO,Comercial,641821.0
2014,RO,Industrial,552977.0
2014,RO,Outros,679286.0
2014,RO,Residencial,1157447.0
2014,RO,Total,3031531.0
2014,RR,Cativo,801664.0
2014,RR,Comercial,175455.0
2014,RR,Industrial,20091.0
2014,RR,Outros,190611.0
2014,RR,Residencial,415507.0
2014,RR,Total,801664.0
2014,RS,Cativo,25206931.0
2014,RS,Comercial,5456817.0
2014,RS,Industrial,10474837.0
2014,RS,Outros,6189061.0
2014,RS,Residencial,8516881.0
2014,RS,Total,30637596.0
2014,SC,Cativo,17935440.0
2014,SC,Comercial,3992753.0
2014,SC,Industrial,9986131.0
2014,SC,Outros,4416793.0
2014,SC,Residencial,5398275.0
2014,SC,Total,23793952.0
2014,SE,Cativo,2693159.0
2014,SE,Comercial,584591.0
2014,SE,Industrial,1595969.0
2014,SE,Outros,668145.0
2014,SE,Residencial,1032619.0
2014,SE,Total,3881324.0
2014,SP,Cativo,97914886.0
2014,SP,Comercial,29594544.0
2014,SP,Industrial,52253786.0
2014,SP,Outros,15196031.0
2014,SP,Residencial,39437444.0
2014,SP,Total,136481805.0
2014,TO,Cativo,1897363.0
2014,TO,Comercial,396790.0
2014,TO,Industrial,308819.0
2014,TO,Outros,486830.0
2014,TO,Residencial,755458.0
2014,TO,Total,1947897.0
2015,AC,Cativo,961778.0
2015,AC,Comercial,234620.0
2015,AC,Industrial,39087.0
2015,AC,Outros,268689.0
2015,AC,Residencial,431341.0
2015,AC,Total,973737.0
2015,AL,Cativo,4623535.0
2015,AL,Comercial,754476.0
2015,AL,Industrial,2055743.0
2015,AL,Outros,774572.0
2015,AL,Residencial,1325689.0
2015,AL,Total,4910480.0
2015,AM,Cativo,6357216.0
2015,AM,Comercial,1377699.0
2015,AM,Industrial,1670261.0
2015,AM,Outros,1119016.0
2015,AM,Residencial,2190240.0
2015,AM,Total,6357216.0
2015,AP,Cativo,1055721.0
2015,AP,Comercial,272864.0
2015,AP,Industrial,37372.0
2015,AP,Outros,180050.0
2015,AP,Residencial,565435.0
2015,AP,Total,1055721.0
2015,BA,Cativo,21198826.0
2015,BA,Comercial,3655907.0
2015,BA,Industrial,9450773.19
2015,BA,Outros,4355656.0
2015,BA,Residencial,6686760.0
2015,BA,Total,24149096.19
2015,CE,Cativo,10100085.0
2015,CE,Comercial,2253939.0
2015,CE,Industrial,2407481.0
2015,CE,Outros,2730945.0
2015,CE,Residencial,3933361.0
2015,CE,Total,11325726.0
2015,DF,Cativo,6086443.0
2015,DF,Comercial,2093495.0
2015,DF,Industrial,733048.0
2015,DF,Outros,1546438.0
2015,DF,Residencial,2275020.0
2015,DF,Total,6648001.0
2015,ES,Cativo,7038766.0
2015,ES,Comercial,1847446.0
2015,ES,Industrial,4900719.0
2015,ES,Outros,1875489.0
2015,ES,Residencial,2391277.0
2015,ES,Total,11014931.0
2015,GO,Cativo,11833193.0
2015,GO,Comercial,2362102.0
2015,GO,Industrial,4939174.53
2015,GO,Outros,3462547.0
2015,GO,Residencial,4266968.0
2015,GO,Total,15030791.53
2015,MA,Cativo,5842878.0
2015,MA,Comercial,1236811.0
2015,MA,Industrial,1593478.0
2015,MA,Outros,1290871.0
2015,MA,Residencial,2916638.0
2015,MA,Total,7037798.0
2015,MG,Cativo,28454814.0
2015,MG,Comercial,6841090.0
2015,MG,Industrial,28150055.09
2015,MG,Outros,7309621.0
2015,MG,Residencial,10516038.0
2015,MG,Total,52816804.09
2015,MS,Cativo,4753626.0
2015,MS,Comercial,1219435.0
2015,MS,Industrial,1154696.0
2015,MS,Outros,1177267.0
2015,MS,Residencial,1786428.0
2015,MS,Total,5337826.0
2015,MT,Cativo,6878209.0
2015,MT,Comercial,1670838.0
2015,MT,Industrial,2047989.0
2015,MT,Outros,1856838.0
2015,MT,Residencial,2536577.0
2015,MT,Total,8112242.0
2015,PA,Cativo,8306592.89
2015,PA,Comercial,1784828.84
2015,PA,Industrial,12349177.36
2015,PA,Outros,1771056.33
2015,PA,Residencial,3432032.36
2015,PA,Total,19337094.89
2015,PB,Cativo,4345427.0
2015,PB,Comercial,919844.0
2015,PB,Industrial,1465170.0
2015,PB,Outros,1022604.0
2015,PB,Residencial,1771924.0
2015,PB,Total,5179542.0
2015,PE,Cativo,11667775.0
2015,PE,Comercial,2877049.0
2015,PE,Industrial,3801062.55
2015,PE,Outros,2436222.98
2015,PE,Residencial,4840537.0
2015,PE,Total,13954871.53
2015,PI,Cativo,3232868.0
2015,PI,Comercial,716506.0
2015,PI,Industrial,270795.0
2015,PI,Outros,727557.0
2015,PI,Residencial,1578228.0
2015,PI,Total,3293086.0
2015,PR,Cativo,24862499.0
2015,PR,Comercial,5997176.0
2015,PR,Industrial,11867609.65
2015,PR,Outros,4959615.0
2015,PR,Residencial,7036618.0
2015,PR,Total,29861018.65
2015,RJ,Cativo,33354532.0
2015,RJ,Comercial,11184506.0
2015,RJ,Industrial,8798102.24
2015,RJ,Outros,7274361.0
2015,RJ,Residencial,13871971.0
2015,RJ,Total,41128940.24
2015,RN,Cativo,4672628.0
2015,RN,Comercial,1088617.0
2015,RN,Industrial,1289427.0
2015,RN,Outros,1143583.0
2015,RN,Residencial,1994974.0
2015,RN,Total,5516601.0
2015,RO,Cativo,3005360.0
2015,RO,Comercial,653312.0
2015,RO,Industrial,450399.0
2015,RO,Outros,752301.0
2015,RO,Residencial,1177037.0
2015,RO,Total,3033049.0
2015,RR,Cativo,883031.49
2015,RR,Comercial,200769.0
2015,RR,Industrial,22804.489999999998
2015,RR,Outros,203868.0
2015,RR,Residencial,455590.0
2015,RR,Total,883031.49
2015,RS,Cativo,23875496.32
2015,RS,Comercial,5230826.02
2015,RS,Industrial,9886935.4
2015,RS,Outros,6072567.1899999995
2015,RS,Residencial,8054253.71
2015,RS,Total,29244582.32
2015,SC,Cativo,17441001.0
2015,SC,Comercial,3930750.0
2015,SC,Industrial,9467443.0
2015,SC,Outros,4388749.0
2015,SC,Residencial,5261785.0
2015,SC,Total,23048727.0
2015,SE,Cativo,2736027.0
2015,SE,Comercial,594419.0
2015,SE,Industrial,1504383.0
2015,SE,Outros,682536.0
2015,SE,Residencial,1065417.0
2015,SE,Total,3846755.0
2015,SP,Cativo,94283516.0
2015,SP,Comercial,29349629.0
2015,SP,Industrial,48892879.12
2015,SP,Outros,14566591.0
2015,SP,Residencial,38005633.0
2015,SP,Total,130814732.12
2015,TO,Cativo,2020418.0
2015,TO,Comercial,418587.0
2015,TO,Industrial,316715.0
2015,TO,Outros,517457.0
2015,TO,Residencial,821996.0
2015,TO,Total,2074755.0
2016,AC,Cativo,994163.0
2016,AC,Comercial,247094.0
2016,AC,Industrial,39560.0
2016,AC,Outros,279963.0
2016,AC,Residencial,447628.0
2016,AC,Total,1014245.0
2016,AL,Cativo,4558807.0
2016,AL,Comercial,750056.0
2016,AL,Industrial,2041443.0
2016,AL,Outros,782184.0
2016,AL,Residencial,1306823.0
2016,AL,Total,4880506.0
2016,AM,Cativo,5787019.0
2016,AM,Comercial,1267759.0
2016,AM,Industrial,1551799.0
2016,AM,Outros,1046386.0
2016,AM,Residencial,2124621.0
2016,AM,Total,5990565.0
2016,AP,Cativo,1114396.0
2016,AP,Comercial,261409.0
2016,AP,Industrial,47403.0
2016,AP,Outros,184241.0
2016,AP,Residencial,621343.0
2016,AP,Total,1114396.0
2016,BA,Cativo,20739769.0
2016,BA,Comercial,3756084.0
2016,BA,Industrial,8628020.24
2016,BA,Outros,4672732.0
2016,BA,Residencial,6888577.0
2016,BA,Total,23945413.24
2016,CE,Cativo,10176960.0
2016,CE,Comercial,2317839.0
2016,CE,Industrial,2697805.0
2016,CE,Outros,2769127.0
2016,CE,Residencial,4129079.0
2016,CE,Total,11913850.0
2016,DF,Cativo,6048583.0
2016,DF,Comercial,2065673.0
2016,DF,Industrial,613241.0
2016,DF,Outros,1580139.0
2016,DF,Residencial,2251614.0
2016,DF,Total,6510667.0
2016,ES,Cativo,6660917.0
2016,ES,Comercial,1787597.0
2016,ES,Industrial,3830181.0
2016,ES,Outros,1832638.0
2016,ES,Residencial,2385993.0
2016,ES,Total,9836409.0
2016,GO,Cativo,11634093.0
2016,GO,Comercial,2290465.0
2016,GO,Industrial,5346312.07
2016,GO,Outros,3058699.0
2016,GO,Residencial,4383177.0
2016,GO,Total,15078653.07
2016,MA,Cativo,6022383.0
2016,MA,Comercial,1248091.0
2016,MA,Industrial,1114852.0
2016,MA,Outros,1336046.0
2016,MA,Residencial,3124597.0
2016,MA,Total,6823586.0
2016,MG,Cativo,27750048.0
2016,MG,Comercial,6622389.0
2016,MG,Industrial,29283535.0
2016,MG,Outros,7583727.0
2016,MG,Residencial,10612565.0
2016,MG,Total,54102216.0
2016,MS,Cativo,4553567.0
2016,MS,Comercial,1174463.0
2016,MS,Industrial,1083027.0
2016,MS,Outros,1197921.0
2016,MS,Residencial,1790732.0
2016,MS,Total,5246143.0
2016,MT,Cativo,6704457.0
2016,MT,Comercial,1620266.0
2016,MT,Industrial,1912295.0
2016,MT,Outros,1945065.0
2016,MT,Residencial,2550382.0
2016,MT,Total,8028008.0
2016,PA,Cativo,8242385.6
2016,PA,Comercial,1847014.0
2016,PA,Industrial,12671931.6
2016,PA,Outros,1843699.0
2016,PA,Residencial,3746099.0
2016,PA,Total,20108743.6
2016,PB,Cativo,4219527.0
2016,PB,Comercial,910536.0
2016,PB,Industrial,1460431.0
2016,PB,Outros,1006103.0
2016,PB,Residencial,1812134.0
2016,PB,Total,5189204.0
2016,PE,Cativo,11506341.0
2016,PE,Comercial,2901795.0
2016,PE,Industrial,3848395.1
2016,PE,Outros,2394265.98
2016,PE,Residencial,4851629.0
2016,PE,Total,13996085.08
2016,PI,Cativo,3335442.0
2016,PI,Comercial,752907.0
2016,PI,Industrial,237443.0
2016,PI,Outros,761347.0
2016,PI,Residencial,1629014.0
2016,PI,Total,3380711.0
2016,PR,Cativo,23058154.0
2016,PR,Comercial,5714942.0
2016,PR,Industrial,11953061.24
2016,PR,Outros,4926669.0
2016,PR,Residencial,7003219.0
2016,PR,Total,29597891.24
2016,RJ,Cativo,31847062.0
2016,RJ,Comercial,10506726.0
2016,RJ,Industrial,8398515.94
2016,RJ,Outros,7292066.0
2016,RJ,Residencial,13706131.0
2016,RJ,Total,39903438.94
2016,RN,Cativo,4755526.0
2016,RN,Comercial,1090266.0
2016,RN,Industrial,1248811.0
2016,RN,Outros,1167180.0
2016,RN,Residencial,2082279.0
2016,RN,Total,5588536.0
2016,RO,Cativo,2901015.0
2016,RO,Comercial,645801.0
2016,RO,Industrial,414072.0
2016,RO,Outros,733004.0
2016,RO,Residencial,1151494.0
2016,RO,Total,2944371.0
2016,RR,Cativo,915100.0
2016,RR,Comercial,203301.0
2016,RR,Industrial,26034.0
2016,RR,Outros,214403.0
2016,RR,Residencial,471362.0
2016,RR,Total,915100.0
2016,RS,Cativo,23373216.0
2016,RS,Comercial,5004438.0
2016,RS,Industrial,9490690.01
2016,RS,Outros,6753207.0
2016,RS,Residencial,8272725.0
2016,RS,Total,29521060.01
2016,SC,Cativo,16459327.0
2016,SC,Comercial,3897647.0
2016,SC,Industrial,9465885.0
2016,SC,Outros,4505051.0
2016,SC,Residencial,5438124.0
2016,SC,Total,23306707.0
2016,SE,Cativo,2722899.0
2016,SE,Comercial,594336.0
2016,SE,Industrial,1400256.0
2016,SE,Outros,703149.0
2016,SE,Residencial,1085788.0
2016,SE,Total,3783529.0
2016,SP,Cativo,89127453.0
2016,SP,Comercial,27957160.0
2016,SP,Industrial,46507847.0
2016,SP,Outros,14614375.0
2016,SP,Residencial,38091289.0
2016,SP,Total,127170671.0
2016,TO,Cativo,2114094.0
2016,TO,Comercial,436784.0
2016,TO,Industrial,290044.0
2016,TO,Outros,537575.0
2016,TO,Residencial,913667.0
2016,TO,Total,2178070.0
2017,AC,Cativo,1038780.0
2017,AC,Comercial,272425.0
2017,AC,Industrial,38419.0
2017,AC,Outros,297274.0
2017,AC,Residencial,466159.0
2017,AC,Total,1074277.0
2017,AL,Cativo,4370912.0
2017,AL,Comercial,754884.0
2017,AL,Industrial,1970954.0
2017,AL,Outros,840058.0
2017,AL,Residencial,1393966.0
2017,AL,Total,4959862.0
2017,AM,Cativo,4699729.0
2017,AM,Comercial,1210873.0
2017,AM,Industrial,1594564.0
2017,AM,Outros,1044465.0
2017,AM,Residencial,2002570.0
2017,AM,Total,5852472.0
2017,AP,Cativo,1073095.0
2017,AP,Comercial,254911.0
2017,AP,Industrial,61741.0
2017,AP,Outros,177312.0
2017,AP,Residencial,579131.0
2017,AP,Total,1073095.0
2017,BA,Cativo,19941777.0
2017,BA,Comercial,3706214.0
2017,BA,Industrial,8964530.93
2017,BA,Outros,4818087.0
2017,BA,Residencial,6842622.0
2017,BA,Total,24331453.93
2017,CE,Cativo,9507180.0
2017,CE,Comercial,2259512.0
2017,CE,Industrial,2383270.3
2017,CE,Outros,2706404.0
2017,CE,Residencial,4074962.0
2017,CE,Total,11424148.3
2017,DF,Cativo,5704764.0
2017,DF,Comercial,1989040.0
2017,DF,Industrial,526776.0
2017,DF,Outros,1507658.0
2017,DF,Residencial,2186723.0
2017,DF,Total,6210197.0
2017,ES,Cativo,6207951.0
2017,ES,Comercial,1751497.0
2017,ES,Industrial,3891372.0
2017,ES,Outros,1798558.0
2017,ES,Residencial,2343656.0
2017,ES,Total,9785083.0
2017,GO,Cativo,10851197.61
2017,GO,Comercial,2335931.0
2017,GO,Industrial,5381717.05
2017,GO,Outros,3161518.61
2017,GO,Residencial,4487449.0
2017,GO,Total,15366615.66
2017,MA,Cativo,5885986.0
2017,MA,Comercial,1242647.0
2017,MA,Industrial,1150900.0
2017,MA,Outros,1325320.0
2017,MA,Residencial,3185841.0
2017,MA,Total,6904708.0
2017,MG,Cativo,26834401.0
2017,MG,Comercial,6555978.0
2017,MG,Industrial,29242399.02
2017,MG,Outros,7718512.0
2017,MG,Residencial,10723512.0
2017,MG,Total,54240401.019999996
2017,MS,Cativo,4563179.0
2017,MS,Comercial,1250363.0
2017,MS,Industrial,1144361.0
2017,MS,Outros,1271570.0
2017,MS,Residencial,1903026.0
2017,MS,Total,5569320.0
2017,MT,Cativo,6988195.0
2017,MT,Comercial,1706456.0
2017,MT,Industrial,1997669.0
2017,MT,Outros,2137076.0
2017,MT,Residencial,2733960.0
2017,MT,Total,8575161.0
2017,PA,Cativo,7891532.0
2017,PA,Comercial,1872316.0
2017,PA,Industrial,12765877.0
2017,PA,Outros,1845352.0
2017,PA,Residencial,3809913.0
2017,PA,Total,20293458.0
2017,PB,Cativo,4109559.0
2017,PB,Comercial,922061.0
2017,PB,Industrial,1446414.0
2017,PB,Outros,1038299.0
2017,PB,Residencial,1843889.0
2017,PB,Total,5250663.0
2017,PE,Cativo,11004362.0
2017,PE,Comercial,2893037.0
2017,PE,Industrial,3733078.87
2017,PE,Outros,2611227.26
2017,PE,Residencial,4849515.0
2017,PE,Total,14086858.13
2017,PI,Cativo,3416633.0
2017,PI,Comercial,775270.0
2017,PI,Industrial,209211.0
2017,PI,Outros,816465.0
2017,PI,Residencial,1679632.0
2017,PI,Total,3480578.0
2017,PR,Cativo,20520035.0
2017,PR,Comercial,5899011.0
2017,PR,Industrial,12401714.47
2017,PR,Outros,5105987.0
2017,PR,Residencial,7318830.0
2017,PR,Total,30725542.47
2017,RJ,Cativo,29209135.18
2017,RJ,Comercial,10382968.0
2017,RJ,Industrial,8209542.87
2017,RJ,Outros,7070849.18
2017,RJ,Residencial,13218810.0
2017,RJ,Total,38882170.05
2017,RN,Cativo,4654784.0
2017,RN,Comercial,1111730.0
2017,RN,Industrial,1216382.0
2017,RN,Outros,1183522.0
2017,RN,Residencial,2113777.0
2017,RN,Total,5625411.0
2017,RO,Cativo,2932159.0
2017,RO,Comercial,661542.0
2017,RO,Industrial,423850.0
2017,RO,Outros,756106.0
2017,RO,Residencial,1225442.0
2017,RO,Total,3066940.0
2017,RR,Cativo,917813.0
2017,RR,Comercial,207391.0
2017,RR,Industrial,24131.0
2017,RR,Outros,210370.0
2017,RR,Residencial,475921.0
2017,RR,Total,917813.0
2017,RS,Cativo,22163445.0
2017,RS,Comercial,5032131.0
2017,RS,Industrial,9864617.2
2017,RS,Outros,6707243.0
2017,RS,Residencial,8323363.0
2017,RS,Total,29927354.2
2017,SC,Cativo,15841065.0
2017,SC,Comercial,4037760.0
2017,SC,Industrial,9991632.0
2017,SC,Outros,4710137.0
2017,SC,Residencial,5604756.0
2017,SC,Total,24344285.0
2017,SE,Cativo,2608395.0
2017,SE,Comercial,590128.0
2017,SE,Industrial,1295733.0
2017,SE,Outros,706874.0
2017,SE,Residencial,1074838.0
2017,SE,Total,3667573.0
2017,SP,Cativo,84742495.0
2017,SP,Comercial,28186447.0
2017,SP,Industrial,47484654.0
2017,SP,Outros,14967128.0
2017,SP,Residencial,38968848.0
2017,SP,Total,129607077.0
2017,TO,Cativo,2079972.0
2017,TO,Comercial,429967.0
2017,TO,Industrial,295576.0
2017,TO,Outros,569286.0
2017,TO,Residencial,937387.0
2017,TO,Total,2232216.0
2018,AC,Cativo,942698.69
2018,AC,Comercial,223096.86
2018,AC,Industrial,35453.6
2018,AC,Outros,267538.76
2018,AC,Residencial,452742.17
2018,AC,Total,978831.39
2018,AL,Cativo,3216234.0
2018,AL,Comercial,761835.05
2018,AL,Industrial,1667385.1700000002
2018,AL,Outros,844024.0
2018,AL,Residencial,1435484.0
2018,AL,Total,4708728.22
2018,AM,Cativo,4563599.7
2018,AM,Comercial,1262367.35
2018,AM,Industrial,1642697.2
2018,AM,Outros,1056851.95
2018,AM,Residencial,2004509.12
2018,AM,Total,5966425.62
2018,AP,Cativo,1053678.24
2018,AP,Comercial,253532.33
2018,AP,Industrial,87699.93
2018,AP,Outros,167479.14
2018,AP,Residencial,544966.79
2018,AP,Total,1053678.19
2018,BA,Cativo,16607331.28
2018,BA,Comercial,3828764.51
2018,BA,Industrial,9281484.64
2018,BA,Outros,4941927.19
2018,BA,Residencial,7039925.71
2018,BA,Total,25092102.05
2018,CE,Cativo,9577048.2
2018,CE,Comercial,1931125.5
2018,CE,Industrial,2321105.31
2018,CE,Outros,2678352.91
2018,CE,Residencial,4334858.8
2018,CE,Total,11265442.52
2018,DF,Cativo,5585897.2
2018,DF,Comercial,1981216.0
2018,DF,Industrial,512234.85
2018,DF,Outros,1484995.23
2018,DF,Residencial,2241219.0
2018,DF,Total,6219665.08
2018,ES,Cativo,6307334.0
2018,ES,Comercial,1763116.0
2018,ES,Industrial,4143898.0
2018,ES,Outros,1860105.0
2018,ES,Residencial,2432833.0
2018,ES,Total,10199952.0
2018,GO,Cativo,11143867.0
2018,GO,Comercial,2421390.0
2018,GO,Industrial,5585807.0
2018,GO,Outros,3194255.0
2018,GO,Residencial,4801888.0
2018,GO,Total,16003340.0
2018,MA,Cativo,5847382.1
2018,MA,Comercial,1232893.65
2018,MA,Industrial,1296831.02
2018,MA,Outros,1364435.86
2018,MA,Residencial,3205070.4
2018,MA,Total,7099230.93
2018,MG,Cativo,27081762.841
2018,MG,Comercial,6728169.13
2018,MG,Industrial,30999109.47
2018,MG,Outros,7743736.52
2018,MG,Residencial,11000755.3
2018,MG,Total,56471770.42
2018,MS,Cativo,4629131.36
2018,MS,Comercial,1245074.471
2018,MS,Industrial,1251544.07
2018,MS,Outros,1306414.76
2018,MS,Residencial,1961924.02
2018,MS,Total,5764957.321
2018,MT,Cativo,7133640.35
2018,MT,Comercial,1735401.12
2018,MT,Industrial,2086617.29
2018,MT,Outros,2212422.99
2018,MT,Residencial,2807209.89
2018,MT,Total,8841651.29
2018,PA,Cativo,7655464.04
2018,PA,Comercial,1849312.56
2018,PA,Industrial,10622283.43
2018,PA,Outros,1886997.69
2018,PA,Residencial,3671512.27
2018,PA,Total,18030105.95
2018,PB,Cativo,4227514.8
2018,PB,Comercial,948610.83
2018,PB,Industrial,1451307.95
2018,PB,Outros,1121054.75
2018,PB,Residencial,1885807.4
2018,PB,Total,5406780.93
2018,PE,Cativo,10928730.0
2018,PE,Comercial,2946818.0
2018,PE,Industrial,3656633.0
2018,PE,Outros,2538690.25
2018,PE,Residencial,4932708.0
2018,PE,Total,14074849.25
2018,PI,Cativo,3322298.4
2018,PI,Comercial,769899.0
2018,PI,Industrial,200136.0
2018,PI,Outros,782253.4500000001
2018,PI,Residencial,1655822.0
2018,PI,Total,3408110.45
2018,PR,Cativo,20380924.879
2018,PR,Comercial,5959773.39
2018,PR,Industrial,12725162.879999999
2018,PR,Outros,5674507.76
2018,PR,Residencial,7460369.17
2018,PR,Total,31819813.2
2018,RJ,Cativo,28825038.36
2018,RJ,Comercial,10134988.8
2018,RJ,Industrial,8333898.99
2018,RJ,Outros,7814578.09
2018,RJ,Residencial,13415863.9
2018,RJ,Total,39699329.78
2018,RN,Cativo,4656934.0
2018,RN,Comercial,1132018.0
2018,RN,Industrial,1207491.0
2018,RN,Outros,1207775.0
2018,RN,Residencial,2155123.0
2018,RN,Total,5702407.0
2018,RO,Cativo,2972626.95
2018,RO,Comercial,674776.98
2018,RO,Industrial,450439.7
2018,RO,Outros,778977.15
2018,RO,Residencial,1248983.25
2018,RO,Total,3153177.08
2018,RR,Cativo,945438.47
2018,RR,Comercial,213818.91999999998
2018,RR,Industrial,28663.16
2018,RR,Outros,220511.63
2018,RR,Residencial,482444.75
2018,RR,Total,945438.46
2018,RS,Cativo,22457960.54
2018,RS,Comercial,5051933.44
2018,RS,Industrial,9807988.89
2018,RS,Outros,6858921.07
2018,RS,Residencial,8699144.85
2018,RS,Total,30417988.25
2018,SC,Cativo,16013008.45
2018,SC,Comercial,4118884.26
2018,SC,Industrial,10251563.38
2018,SC,Outros,4820612.58
2018,SC,Residencial,5744406.55
2018,SC,Total,24935466.77
2018,SE,Cativo,2705223.04
2018,SE,Comercial,627307.42
2018,SE,Industrial,1247470.02
2018,SE,Outros,755040.39
2018,SE,Residencial,1111204.79
2018,SE,Total,3741022.62
2018,SP,Cativo,84594993.0
2018,SP,Comercial,28408214.35
2018,SP,Industrial,48805263.0
2018,SP,Outros,15297400.02
2018,SP,Residencial,39924153.43
2018,SP,Total,132435030.8
2018,TO,Cativo,2095905.2
2018,TO,Comercial,426266.87
2018,TO,Industrial,344634.34
2018,TO,Outros,573465.8
2018,TO,Residencial,964014.57
2018,TO,Total,2308381.58
2019,AC,Cativo,1041446.66
2019,AC,Comercial,262372.56
2019,AC,Industrial,37322.67
2019,AC,Outros,289997.34
2019,AC,Residencial,491299.71
2019,AC,Total,1080992.28
2019,AL,Cativo,3208143.8
2019,AL,Comercial,792043.0700000001
2019,AL,Industrial,1019567.3
2019,AL,Outros,877072.5700000001
2019,AL,Residencial,1439643.16
2019,AL,Total,4128326.1
2019,AM,Cativo,4627630.0
2019,AM,Comercial,1349313.0
2019,AM,Industrial,1653878.0
2019,AM,Outros,1101537.0
2019,AM,Residencial,2037247.0
2019,AM,Total,6141975.0
2019,AP,Cativo,1074205.74
2019,AP,Comercial,260761.0
2019,AP,Industrial,106093.0
2019,AP,Outros,182853.71
2019,AP,Residencial,524498.03
2019,AP,Total,1074205.74
2019,BA,Cativo,17250400.02
2019,BA,Comercial,4026737.23
2019,BA,Industrial,9229893.29
2019,BA,Outros,5321250.76
2019,BA,Residencial,7341866.41
2019,BA,Total,25919747.689999998
2019,CE,Cativo,9931113.2
2019,CE,Comercial,2409260.1
2019,CE,Industrial,2503879.14
2019,CE,Outros,2780496.75
2019,CE,Residencial,4586316.4
2019,CE,Total,12279952.39
2019,DF,Cativo,5565060.0
2019,DF,Comercial,2038810.0
2019,DF,Industrial,522325.0
2019,DF,Outros,1501868.0
2019,DF,Residencial,2252378.0
2019,DF,Total,6315381.0
2019,ES,Cativo,6696749.9
2019,ES,Comercial,1773787.1
2019,ES,Industrial,4007130.3
2019,ES,Outros,2057829.81
2019,ES,Residencial,2624055.6
2019,ES,Total,10462802.81
2019,GO,Cativo,11373613.95
2019,GO,Comercial,2536163.6999999997
2019,GO,Industrial,5610949.5
2019,GO,Outros,3227952.41
2019,GO,Residencial,5115419.8
2019,GO,Total,16490485.41
2019,MA,Cativo,5946404.2
2019,MA,Comercial,1250211.25
2019,MA,Industrial,1548462.98
2019,MA,Outros,1408123.31
2019,MA,Residencial,3304457.2
2019,MA,Total,7511254.74
2019,MG,Cativo,27361828.08
2019,MG,Comercial,6820750.13
2019,MG,Industrial,29769629.65
2019,MG,Outros,7984023.59
2019,MG,Residencial,11321951.57
2019,MG,Total,55896354.94
2019,MS,Cativo,4884848.24
2019,MS,Comercial,1282730.2
2019,MS,Industrial,1351538.27
2019,MS,Outros,1357515.02
2019,MS,Residencial,2150286.7
2019,MS,Total,6142070.1899999995
2019,MT,Cativo,7643074.36
2019,MT,Comercial,1846937.29
2019,MT,Industrial,2172891.92
2019,MT,Outros,2338056.4
2019,MT,Residencial,3100166.9699999997
2019,MT,Total,9458052.58
2019,PA,Cativo,7501225.09
2019,PA,Comercial,1887088.4100000001
2019,PA,Industrial,10792274.13
2019,PA,Outros,1900498.6500000001
2019,PA,Residencial,3611816.2199999997
2019,PA,Total,18191677.41
2019,PB,Cativo,4323704.79
2019,PB,Comercial,975294.7
2019,PB,Industrial,1441198.51
2019,PB,Outros,1149336.62
2019,PB,Residencial,2020830.99
2019,PB,Total,5586660.82
2019,PE,Cativo,11037736.0
2019,PE,Comercial,3052822.0
2019,PE,Industrial,3718814.87
2019,PE,Outros,2619319.0
2019,PE,Residencial,5164197.0
2019,PE,Total,14555152.87
2019,PI,Cativo,3567955.7
2019,PI,Comercial,811704.54
2019,PI,Industrial,207942.04
2019,PI,Outros,868104.5
2019,PI,Residencial,1776110.1
2019,PI,Total,3663861.18
2019,PR,Cativo,20614136.392
2019,PR,Comercial,6260548.120999999
2019,PR,Industrial,12882936.379999999
2019,PR,Outros,6043797.21
2019,PR,Residencial,7737350.029999999
2019,PR,Total,32924631.741
2019,RJ,Cativo,28404834.99
2019,RJ,Comercial,10316561.21
2019,RJ,Industrial,8008460.85
2019,RJ,Outros,7648288.14
2019,RJ,Residencial,13270200.56
2019,RJ,Total,39243510.76
2019,RN,Cativo,4711452.0
2019,RN,Comercial,1159828.0
2019,RN,Industrial,1201375.0
2019,RN,Outros,1198023.0
2019,RN,Residencial,2229381.0
2019,RN,Total,5788607.0
2019,RO,Cativo,3053644.38
2019,RO,Comercial,712484.64
2019,RO,Industrial,455364.87
2019,RO,Outros,788669.84
2019,RO,Residencial,1291095.23
2019,RO,Total,3247614.58
2019,RR,Cativo,932089.81
2019,RR,Comercial,215235.24
2019,RR,Industrial,22761.92
2019,RR,Outros,233157.05
2019,RR,Residencial,460935.58999999997
2019,RR,Total,932089.8
2019,RS,Cativo,22058360.606
2019,RS,Comercial,5016511.66
2019,RS,Industrial,9766568.35
2019,RS,Outros,6597514.49
2019,RS,Residencial,9044953.790000001
2019,RS,Total,30425548.29
2019,SC,Cativo,16591411.7
2019,SC,Comercial,4353090.68
2019,SC,Industrial,10613889.84
2019,SC,Outros,5002161.12
2019,SC,Residencial,6101617.11
2019,SC,Total,26070758.75
2019,SE,Cativo,2780557.25
2019,SE,Comercial,654161.24
2019,SE,Industrial,1083337.17
2019,SE,Outros,754506.12
2019,SE,Residencial,1212981.0489999999
2019,SE,Total,3704985.579
2019,SP,Cativo,84439833.1
2019,SP,Comercial,29574700.11
2019,SP,Industrial,47635628.64
2019,SP,Outros,14488324.7
2019,SP,Residencial,41149736.78
2019,SP,Total,132848390.23
2019,TO,Cativo,2176140.7
2019,TO,Comercial,443585.62
2019,TO,Industrial,324429.66
2019,TO,Outros,599735.51
2019,TO,Residencial,1050334.59
2019,TO,Total,2418085.38
2020,AC,Cativo,1057149.98
2020,AC,Comercial,249824.56
2020,AC,Industrial,40909.29
2020,AC,Outros,261867.02
2020,AC,Residencial,549969.09
2020,AC,Total,1102569.96
2020,AL,Cativo,3246142.55
2020,AL,Comercial,729228.06
2020,AL,Industrial,728269.26
2020,AL,Outros,934101.15
2020,AL,Residencial,1556608.57
2020,AL,Total,3948207.04
2020,AM,Cativo,4649454.44
2020,AM,Comercial,1301201.4
2020,AM,Industrial,1661406.92
2020,AM,Outros,992489.63
2020,AM,Residencial,2253030.16
2020,AM,Total,6208128.109999999
2020,AP,Cativo,1018817.95
2020,AP,Comercial,232744.0
2020,AP,Industrial,106653.16
2020,AP,Outros,161451.57
2020,AP,Residencial,517969.21
2020,AP,Total,1018817.94
2020,BA,Cativo,15763339.42
2020,BA,Comercial,3391264.38
2020,BA,Industrial,9181820.14
2020,BA,Outros,4788672.03
2020,BA,Residencial,7463539.359999999
2020,BA,Total,24825295.91
2020,CE,Cativo,9688277.7
2020,CE,Comercial,2111391.6
2020,CE,Industrial,2204651.45
2020,CE,Outros,2747882.92
2020,CE,Residencial,4884043.6
2020,CE,Total,11947969.57
2020,DF,Cativo,5293375.0
2020,DF,Comercial,1825007.0
2020,DF,Industrial,592471.0
2020,DF,Outros,1368569.0
2020,DF,Residencial,2383476.0
2020,DF,Total,6169523.0
2020,ES,Cativo,6276759.4
2020,ES,Comercial,1599516.3
2020,ES,Industrial,3773784.0
2020,ES,Outros,1890725.64
2020,ES,Residencial,2649122.5
2020,ES,Total,9913148.44
2020,GO,Cativo,11256643.517
2020,GO,Comercial,2258657.27
2020,GO,Industrial,5764581.77
2020,GO,Outros,3176385.04
2020,GO,Residencial,5434305.58
2020,GO,Total,16633929.66
2020,MA,Cativo,6065036.9
2020,MA,Comercial,1184054.3900000001
2020,MA,Industrial,1592658.76
2020,MA,Outros,1371408.65
2020,MA,Residencial,3569637.2
2020,MA,Total,7717759.0
2020,MG,Cativo,26459607.990000002
2020,MG,Comercial,6125942.17
2020,MG,Industrial,30022657.89
2020,MG,Outros,7826361.529999999
2020,MG,Residencial,11800665.08
2020,MG,Total,55775626.67
2020,MS,Cativo,4848772.87
2020,MS,Comercial,1225352.441
2020,MS,Industrial,1455218.94
2020,MS,Outros,1340570.95
2020,MS,Residencial,2249655.76
2020,MS,Total,6270798.091
2020,MT,Cativo,7785304.9899
2020,MT,Comercial,1716330.83
2020,MT,Industrial,2284522.34
2020,MT,Outros,2432731.54
2020,MT,Residencial,3366387.48
2020,MT,Total,9799972.19
2020,PA,Cativo,7625875.609999999
2020,PA,Comercial,1852435.85
2020,PA,Industrial,11894356.92
2020,PA,Outros,1849023.18
2020,PA,Residencial,3928860.04
2020,PA,Total,19524675.990000002
2020,PB,Cativo,4296072.01
2020,PB,Comercial,878675.46
2020,PB,Industrial,1392518.46
2020,PB,Outros,1137651.71
2020,PB,Residencial,2189030.04
2020,PB,Total,5597875.67
2020,PE,Cativo,10339415.0
2020,PE,Comercial,2630847.0
2020,PE,Industrial,3595996.08
2020,PE,Outros,2512745.0
2020,PE,Residencial,5413294.0
2020,PE,Total,14152882.08
2020,PI,Cativo,3521007.5
2020,PI,Comercial,729196.04
2020,PI,Industrial,191436.85
2020,PI,Outros,890758.11
2020,PI,Residencial,1888059.1
2020,PI,Total,3699450.1
2020,PR,Cativo,19997709.198
2020,PR,Comercial,5837833.4401
2020,PR,Industrial,12815263.197999999
2020,PR,Outros,5262067.03
2020,PR,Residencial,8155252.36
2020,PR,Total,32070416.0281
2020,RJ,Cativo,26637986.44
2020,RJ,Comercial,9017845.28
2020,RJ,Industrial,8040372.37
2020,RJ,Outros,7601894.74
2020,RJ,Residencial,13458544.83
2020,RJ,Total,38118657.22
2020,RN,Cativo,4505549.0
2020,RN,Comercial,986257.0
2020,RN,Industrial,1185538.0
2020,RN,Outros,1101607.0
2020,RN,Residencial,2364722.0
2020,RN,Total,5638124.0
2020,RO,Cativo,3167708.96
2020,RO,Comercial,694146.05
2020,RO,Industrial,471414.87
2020,RO,Outros,774036.85
2020,RO,Residencial,1448029.26
2020,RO,Total,3387627.0300000003
2020,RR,Cativo,975304.75
2020,RR,Comercial,212198.78
2020,RR,Industrial,22596.0
2020,RR,Outros,224194.06
2020,RR,Residencial,516315.92000000004
2020,RR,Total,975304.76
2020,RS,Cativo,21010123.532
2020,RS,Comercial,4452785.66
2020,RS,Industrial,9397318.25
2020,RS,Outros,6576144.09
2020,RS,Residencial,9194724.48
2020,RS,Total,29620972.48
2020,SC,Cativo,16466871.05
2020,SC,Comercial,4164529.1501
2020,SC,Industrial,10585286.7999
2020,SC,Outros,5015653.89
2020,SC,Residencial,6449420.95
2020,SC,Total,26214890.79
2020,SE,Cativo,2682099.7800000003
2020,SE,Comercial,575231.49
2020,SE,Industrial,1044905.09
2020,SE,Outros,728104.909
2020,SE,Residencial,1281953.14
2020,SE,Total,3630194.629
2020,SP,Cativo,80385627.59
2020,SP,Comercial,26131307.31
2020,SP,Industrial,45960241.82
2020,SP,Outros,15048271.030000001
2020,SP,Residencial,42084629.17
2020,SP,Total,129224449.33
2020,TO,Cativo,2158712.96
2020,TO,Comercial,410351.85
2020,TO,Industrial,325743.85
2020,TO,Outros,595172.64
2020,TO,Residencial,1121932.8800000001
2020,TO,Total,2453201.22
2021,AC,Cativo,1040793.85
2021,AC,Comercial,253174.85
2021,AC,Industrial,42073.87
2021,AC,Outros,250702.36000000002
2021,AC,Residencial,548693.02
2021,AC,Total,1094644.1
2021,AL,Cativo,3336179.59
2021,AL,Comercial,814473.14
2021,AL,Industrial,1357984.61
2021,AL,Outros,929744.76
2021,AL,Residencial,1606344.43
2021,AL,Total,4708546.94
2021,AM,Cativo,4445162.5
2021,AM,Comercial,1356592.1
2021,AM,Industrial,1826233.8
2021,AM,Outros,947712.92
2021,AM,Residencial,2153618.7
2021,AM,Total,6284157.52
2021,AP,Cativo,1139224.82
2021,AP,Comercial,256345.09
2021,AP,Industrial,115727.02
2021,AP,Outros,157669.55
2021,AP,Residencial,610268.35
2021,AP,Total,1140010.01
2021,BA,Cativo,16448172.0
2021,BA,Comercial,3753855.0
2021,BA,Industrial,9483343.86
2021,BA,Outros,5357858.0
2021,BA,Residencial,7632068.0
2021,BA,Total,26227124.86
2021,CE,Cativo,10088852.0
2021,CE,Comercial,2208630.0
2021,CE,Industrial,2533882.4899999998
2021,CE,Outros,2921653.61
2021,CE,Residencial,5182591.5
2021,CE,Total,12846757.6
2021,DF,Cativo,5385074.64
2021,DF,Comercial,1939957.7
2021,DF,Industrial,635704.77
2021,DF,Outros,1374109.38
2021,DF,Residencial,2457906.7
2021,DF,Total,6407678.55
2021,ES,Cativo,6348391.52
2021,ES,Comercial,1663857.47
2021,ES,Industrial,4092549.96
2021,ES,Outros,1948813.43
2021,ES,Residencial,2711995.7199999997
2021,ES,Total,10417216.58
2021,GO,Cativo,11481812.17
2021,GO,Comercial,2383306.1
2021,GO,Industrial,5898163.0
2021,GO,Outros,3288031.98
2021,GO,Residencial,5669994.0
2021,GO,Total,17239495.08
2021,MA,Cativo,6290944.1
2021,MA,Comercial,1276533.16
2021,MA,Industrial,1697161.25
2021,MA,Outros,1436471.71
2021,MA,Residencial,3736763.6999999997
2021,MA,Total,8146929.819999999
2021,MG,Cativo,26483426.551
2021,MG,Comercial,6360549.66
2021,MG,Industrial,32454604.66
2021,MG,Outros,7728785.91
2021,MG,Residencial,12152804.35
2021,MG,Total,58696744.58
2021,MS,Cativo,4709385.15
2021,MS,Comercial,1168486.619
2021,MS,Industrial,1545256.31
2021,MS,Outros,1357789.65
2021,MS,Residencial,2215220.48
2021,MS,Total,6286753.059
2021,MT,Cativo,7528349.75
2021,MT,Comercial,1744583.18
2021,MT,Industrial,2285146.34
2021,MT,Outros,2432478.61
2021,MT,Residencial,3293563.18
2021,MT,Total,9755771.31
2021,PA,Cativo,7976956.12
2021,PA,Comercial,2026496.52
2021,PA,Industrial,12969277.86
2021,PA,Outros,1887936.57
2021,PA,Residencial,4258416.98
2021,PA,Total,21142127.93
2021,PB,Cativo,4420498.12
2021,PB,Comercial,939822.83
2021,PB,Industrial,1449717.41
2021,PB,Outros,1164927.18
2021,PB,Residencial,2281446.33
2021,PB,Total,5835913.75
2021,PE,Cativo,10640965.06
2021,PE,Comercial,2882312.16
2021,PE,Industrial,3975065.62
2021,PE,Outros,2897643.7
2021,PE,Residencial,5453528.17
2021,PE,Total,15208549.65
2021,PI,Cativo,3660785.0
2021,PI,Comercial,821770.0
2021,PI,Industrial,220831.0
2021,PI,Outros,927286.0
2021,PI,Residencial,1991635.0
2021,PI,Total,3961522.0
2021,PR,Cativo,20158577.522
2021,PR,Comercial,6131518.931
2021,PR,Industrial,13891487.322
2021,PR,Outros,6177544.62
2021,PR,Residencial,8321085.41
2021,PR,Total,34521636.283
2021,RJ,Cativo,25634305.2
2021,RJ,Comercial,9044016.7
2021,RJ,Industrial,8596493.99
2021,RJ,Outros,7085802.8
2021,RJ,Residencial,13369255.8
2021,RJ,Total,38095569.29
2021,RN,Cativo,4614806.0
2021,RN,Comercial,1100521.0
2021,RN,Industrial,1274936.0
2021,RN,Outros,1223781.0
2021,RN,Residencial,2438769.0
2021,RN,Total,6038007.0
2021,RO,Cativo,3117134.43
2021,RO,Comercial,658623.05
2021,RO,Industrial,447326.41000000003
2021,RO,Outros,787778.1
2021,RO,Residencial,1465518.06
2021,RO,Total,3359245.62
2021,RR,Cativo,1073227.28
2021,RR,Comercial,238266.77000000002
2021,RR,Industrial,22713.97
2021,RR,Outros,226595.73
2021,RR,Residencial,585650.83
2021,RR,Total,1073227.3
2021,RS,Cativo,20077872.08
2021,RS,Comercial,4649395.26
2021,RS,Industrial,10399560.42
2021,RS,Outros,5960106.83
2021,RS,Residencial,9116806.86
2021,RS,Total,30125869.37
2021,SC,Cativo,16903885.0
2021,SC,Comercial,4529967.5
2021,SC,Industrial,11610216.14
2021,SC,Outros,5185226.47
2021,SC,Residencial,6616957.9
2021,SC,Total,27942368.01
2021,SE,Cativo,2682535.0
2021,SE,Comercial,604404.27
2021,SE,Industrial,1184662.68
2021,SE,Outros,759596.28
2021,SE,Residencial,1314225.01
2021,SE,Total,3862888.24
2021,SP,Cativo,80967896.65
2021,SP,Comercial,27869108.47
2021,SP,Industrial,51234645.56
2021,SP,Outros,15644874.55
2021,SP,Residencial,42519487.97
2021,SP,Total,137268116.55
2021,TO,Cativo,2119119.02
2021,TO,Comercial,424113.17
2021,TO,Industrial,374120.27
2021,TO,Outros,603790.28
2021,TO,Residencial,1119713.73
2021,TO,Total,2521737.45
